pillar,module,topic,slug,title,inferred_archetype,confidence_band
P01,core-java,comparisons,checked-vs-unchecked-exception-java-comparison,"Checked vs Unchecked Exceptions in Java — Hierarchy, Compiler Rules, and Modern Design Guidance",B,high
P01,core-java,comparisons,heap-vs-stack-memory-java-comparison,"Heap vs Stack Memory in the JVM — What Lives Where, Lifetime, and OOM vs StackOverflow",B,high
P01,core-java,exception-handling,best-practices-for-exception-handling-java,Java Exception-Handling Best Practices — Anti-Patterns and Their Fixes,A,medium
P01,core-java,exception-handling,checked-vs-unchecked-exceptions-java-when-to-use,Checked vs Unchecked Exceptions in Java,B,medium
P01,core-java,exception-handling,custom-exceptions-java,Creating Custom Exceptions in Java,A,medium
P01,core-java,exception-handling,exception-hierarchy-java,"Exception Hierarchy — Throwable, Error, Exception, RuntimeException",A,medium
P01,core-java,exception-handling,finally-block-execution-rules-java,When `finally` Does NOT Execute — Every Edge Case in Java,A,medium
P01,core-java,exception-handling,java-optional-prevent-null-pointer-exception,Java Optional: Eliminating NullPointerException,A,medium
P01,core-java,exception-handling,throw-vs-throws-java-difference,"`throw` vs `throws` in Java — Keyword, Clause, and When to Use Each",E,high
P01,core-java,exception-handling,try-with-resources-autocloseable,try-with-resources and AutoCloseable,A,low
P01,core-java,generics-wildcards,bounded-vs-unbounded-wildcards-java,"Bounded vs Unbounded Wildcards in Java — `?`, `? extends T`, `? super T` with Real Examples",B,medium
P01,core-java,generics-wildcards,generics-in-java-introduction-and-benefits,"Java Generics — What They Solve, What They Give You, What Type Erasure Costs",A,medium
P01,core-java,generics-wildcards,java-generics-type-erasure-explained,Java Generics and Type Erasure,A,medium
P01,core-java,generics-wildcards,pecs-principle-producer-extends-consumer-super,"PECS — Producer-Extends, Consumer-Super: The One Rule That Solves Most Wildcard Decisions",A,medium
P01,core-java,generics-wildcards,why-cant-create-generic-array-java,Why You Can't Create a Generic Array in Java — Reifiable vs Non-Reifiable Types,B,medium
P01,core-java,java-io-nio,channels-and-buffers-java-nio,"Channels and Buffers in Java NIO — `FileChannel`, `SocketChannel`, `ByteBuffer`",A,medium
P01,core-java,java-io-nio,how-to-read-large-file-efficiently-java,Reading Large Files Efficiently in Java — Strategies and Tradeoffs,A,medium
P01,core-java,java-io-nio,java-io-streams-overview-byte-vs-character,Java I/O Streams — Byte Streams vs Character Streams Explained,B,medium
P01,core-java,java-io-nio,java-nio-vs-io-comparison,Java IO vs NIO — Blocking Streams vs Non-Blocking Channels,B,medium
P01,core-java,java-io-nio,serialization-vs-externalizable-java,`Serializable` vs `Externalizable` in Java — Which to Use for Performance,E,high
P01,core-java,reflection-annotations,annotation-processing,Compile-Time Annotation Processing (APT) — How Lombok and AutoValue Work,A,medium
P01,core-java,reflection-annotations,custom-annotations,Creating and Processing Custom Annotations in Java,A,medium
P01,core-java,reflection-annotations,meta-annotations-retention-target,"Meta-Annotations in Java — `@Retention`, `@Target`, `@Documented`, `@Inherited` Explained",A,medium
P01,core-java,reflection-annotations,reflection-basics,Java Reflection — Inspecting and Manipulating Classes at Runtime,A,medium
P01,core-java,reflection-annotations,reflection-performance-cost-java,Java Reflection Performance — Why It's Slow and What `MethodHandle` / `LambdaMetafactory` Do Differently,A,medium
P01,core-java,reflection-annotations,what-is-reflection-in-java-use-cases,"Java Reflection — What It Is, Real Use Cases, and the Risks You Accept",A,medium
P01,core-java,scenario-based,final-finally-finalize-java-difference,final vs finally vs finalize in Java,B,medium
P01,core-java,scenario-based,hashmap-resize-rehash-internals,HashMap Resize and Rehash Internals,D,high
P01,core-java,scenario-based,how-does-hashmap-work-internally-java,"HashMap Internals: Buckets, Hashing, and Resizing",D,high
P01,core-java,scenario-based,how-java-garbage-collection-works,"Java Garbage Collection: GC Roots, Mark-and-Sweep, and Generational GC",D,high
P01,core-java,scenario-based,java-autoboxing-unboxing-integer-cache,"Autoboxing, Unboxing, and the Integer Cache",D,high
P01,core-java,scenario-based,java-date-time-api,"Java Date/Time API (java.time) — LocalDate, ZonedDateTime, Duration, Period",D,high
P01,core-java,scenario-based,java-functional-interfaces-lambdas-explained,Functional Interfaces and Lambdas in Java,D,high
P01,core-java,scenario-based,java-method-references-four-types,Method References in Java — Four Types Explained,D,high
P01,core-java,scenario-based,java-pass-by-value-not-reference,Java Is Always Pass-by-Value,D,high
P01,core-java,scenario-based,java-record-classes-what-they-are-when-to-use,Java Records: Immutable Data Carriers,D,high
P01,core-java,scenario-based,java-records-generated-code,Java Records — What the Compiler Generates,D,high
P01,core-java,scenario-based,java-stream-collectors-groupingby-tomap,"Java Stream Collectors — groupingBy, partitioningBy, toMap",D,high
P01,core-java,scenario-based,java-stream-map-vs-flatmap-difference,map() vs flatMap() in Java Streams,B,medium
P01,core-java,scenario-based,java-streams-lazy-evaluation-common-operations,Java Streams: Lazy Evaluation and Common Operations,D,high
P01,core-java,scenario-based,java-var-local-variable-type-inference-limitations,Java var: Local Variable Type Inference,D,high
P01,core-java,scenario-based,parallel-streams-java,Parallel Streams in Java — When They Help vs When They Hurt,B,medium
P01,core-java,scenario-based,predicate-consumer-supplier-function,"Predicate, Consumer, Supplier, Function — The 4 Core Functional Interfaces",D,high
P01,core-java,scenario-based,sealed-classes-pattern-matching,Sealed Classes and Pattern Matching,D,high
P01,core-java,scenario-based,stream-collectors-joining-reducing,"Stream Collectors — joining, reducing, collectingAndThen, toUnmodifiableList",D,high
P01,core-java,scenario-based,type-casting-widening-narrowing,"Type Casting in Java — Widening vs Narrowing, ClassCastException",B,medium
P01,core-java,scenario-based,varargs-java,Varargs in Java — Variable Arguments and Heap Pollution,D,high
P01,core-java,scenario-based,weak-soft-phantom-references,WeakReference vs SoftReference vs PhantomReference,B,medium
P01,core-java,string-handling,string-equals-vs-contentequals-java,`String.equals()` vs `equalsIgnoreCase()` vs `contentEquals()` — Which to Use When,E,high
P01,core-java,string-handling,string-intern-method-java-explained,`String.intern()` and the String Pool — How They Work and When to Use `intern()`,A,medium
P01,core-java,string-handling,string-pool-interning,String Pool and Interning,A,medium
P01,core-java,string-handling,string-vs-stringbuilder-vs-stringbuffer-java,String vs StringBuilder vs StringBuffer,B,medium
P01,core-java,string-handling,why-string-is-immutable-in-java,"Why `String` Is Immutable in Java — Security, Hashing, the String Pool, and Thread Safety",A,medium
P01,java-collections,algorithm-complexity,amortized-complexity-arraylist-hashmap-java,Amortized Complexity — Why ArrayList.add and HashMap.put Are Really O(1),A,medium
P01,java-collections,algorithm-complexity,big-o-notation-introduction-java,Big-O Notation — The Complexity Classes Every Java Developer Must Know,A,medium
P01,java-collections,algorithm-complexity,how-to-analyze-recursive-algorithm-complexity-java,"Analyzing Recursive Algorithm Complexity — Master Theorem, Recursion Tree, Substitution",A,medium
P01,java-collections,algorithm-complexity,time-complexity-common-operations-java,Time Complexity of Java Collection Operations — The Cheat Sheet,A,medium
P01,java-collections,collections-internals,arraydeque-vs-linkedlist-queue-stack,ArrayDeque vs LinkedList as Queue/Stack,B,medium
P01,java-collections,collections-internals,arraylist-vs-linkedlist,ArrayList vs LinkedList — When to Use Each,E,high
P01,java-collections,collections-internals,choosing-the-right-collection,Choosing the Right Collection — Decision Guide,C,high
P01,java-collections,collections-internals,collections-utility-class-methods,"Collections Utility Class — sort, shuffle, frequency, unmodifiable",C,high
P01,java-collections,collections-internals,comparable-vs-comparator,Comparable vs Comparator in Java,B,medium
P01,java-collections,collections-internals,comparator-thencomparing-reversed,Sorting with Comparator: thenComparing and reversed,C,high
P01,java-collections,collections-internals,copyonwritearraylist-when-and-why,CopyOnWriteArrayList — When and Why,C,high
P01,java-collections,collections-internals,enummap-enumset-performance,EnumMap and EnumSet — Performance Advantages,C,high
P01,java-collections,collections-internals,fail-fast-vs-fail-safe-iterators-java,Fail-Fast vs Fail-Safe Iterators in Java,B,medium
P01,java-collections,collections-internals,hashmap-vs-hashtable-vs-concurrenthashmap-java,HashMap vs Hashtable vs ConcurrentHashMap,B,medium
P01,java-collections,collections-internals,hashmap-vs-treemap-vs-linkedhashmap,HashMap vs TreeMap vs LinkedHashMap,B,medium
P01,java-collections,collections-internals,how-hashset-works-internally-java,How HashSet Works Internally in Java,C,high
P01,java-collections,collections-internals,iterator-vs-listiterator-java,Iterator vs ListIterator — Traversal and Modification,B,medium
P01,java-collections,collections-internals,list-vs-set-vs-map-overview,List vs Set vs Map — When to Use Each Collection Type,E,high
P01,java-collections,collections-internals,map-compute-merge-methods,"Map compute(), merge(), computeIfAbsent() — Atomic Map Operations",C,high
P01,java-collections,collections-internals,priorityqueue-heap-structure,PriorityQueue — Heap Structure and Use Cases,C,high
P01,java-collections,collections-internals,stream-api-with-collections,"Stream API with Collections — toList, toSet, toMap, groupingBy",C,high
P01,java-collections,collections-internals,treeset-treemap-navigable,TreeSet and TreeMap — Sorted Collections and NavigableSet/NavigableMap,C,high
P01,java-collections,collections-internals,unmodifiable-list-vs-list-of-vs-list-copyof,Collections.unmodifiableList vs List.of vs List.copyOf,B,medium
P01,java-collections,collections-internals,weakhashmap-gc-cache,WeakHashMap — Garbage Collection-Friendly Cache,C,high
P01,java-collections,comparisons,array-vs-arraylist-java-comparison,"Array vs ArrayList in Java — Primitives, Generics, Resize, and When to Use Each",E,high
P01,java-collections,comparisons,hashmap-vs-concurrenthashmap-comparison,"HashMap vs ConcurrentHashMap — Thread-Safety, Locking Strategies, Iteration",B,high
P01,java-collections,comparisons,stack-vs-queue-java-comparison,"Stack vs Queue in Java — LIFO, FIFO, and Why to Use ArrayDeque Instead",B,high
P01,java-collections,dynamic-programming,dynamic-programming-introduction-java,"Dynamic Programming — Optimal Substructure, Overlapping Subproblems, When to Apply",A,medium
P01,java-collections,dynamic-programming,fibonacci-dp-java,"Fibonacci in Java — Naive Recursion, Memoization, Tabulation, O(1) Space",A,medium
P01,java-collections,dynamic-programming,knapsack-01-dp-java,"0/1 Knapsack DP in Java — Implementation, Optimization, vs Fractional (Greedy)",B,medium
P01,java-collections,dynamic-programming,memoization-vs-tabulation-java,Memoization vs Tabulation — Top-Down vs Bottom-Up DP in Java,B,medium
P01,java-collections,problem-solving-patterns,backtracking-java-pattern,"Backtracking Pattern in Java — Subsets, Permutations, N-Queens, Pruning",A,medium
P01,java-collections,problem-solving-patterns,fast-and-slow-pointers-java,"Fast and Slow Pointers — Floyd's Cycle Detection, Cycle Start, Middle",A,medium
P01,java-collections,problem-solving-patterns,sliding-window-technique-java,"Sliding Window Technique — Fixed vs Variable, with Java Solutions",B,medium
P01,java-collections,problem-solving-patterns,top-k-elements-heap-java,Top-K Elements with a Heap — O(n log k) Pattern in Java,A,medium
P01,java-collections,problem-solving-patterns,two-pointers-technique-java,"Two-Pointers Technique — Opposite-Ends, Same-Direction, with Java Examples",A,medium
P01,java-collections,scenario-based,check-anagram-java,Check if Two Strings Are Anagrams — Sort vs Frequency Counter in Java,B,medium
P01,java-collections,scenario-based,detect-loop-in-linked-list-java,Detect a Loop in a Linked List — Floyd's Cycle Detection with Cycle Start,D,high
P01,java-collections,scenario-based,reverse-linked-list-java-iterative-recursive,Reverse a Linked List — Iterative and Recursive in Java,D,high
P01,java-collections,sorting-and-searching,java-sorting-algorithms-overview,"Java Sorting Algorithms — Overview, Complexity, and Stability",A,medium
P01,java-collections,sorting-and-searching,timsort-java-collections-sort,"TimSort — Java's Default Sort, Adaptive Merge Sort with Insertion Sort",A,medium
P01,java-collections,trees-and-graphs,binary-tree-vs-binary-search-tree-java,"Binary Tree vs Binary Search Tree in Java — Properties, Complexity, Use Cases",B,medium
P01,java-collections,trees-and-graphs,graph-representation-adjacency-list-matrix-java,Graph Representation in Java — Adjacency List vs Matrix Trade-offs,B,medium
P01,java-collections,trees-and-graphs,tree-traversal-inorder-preorder-postorder-java,"Tree Traversals in Java — Inorder, Preorder, Postorder (Recursive and Iterative)",A,medium
P01,java-concurrency,comparisons,future-vs-completablefuture-comparison,`Future` vs `CompletableFuture` — Blocking Handle vs Composable Async,B,high
P01,java-concurrency,comparisons,virtual-vs-platform-threads-comparison,Virtual Threads vs Platform Threads in Java 21 — Complete Comparison,B,high
P01,java-concurrency,comparisons,volatile-vs-synchronized-comparison,`volatile` vs `synchronized` — Visibility vs Atomicity,B,high
P01,java-concurrency,completable-future,completablefuture-chains,"CompletableFuture Chains: thenApply, thenCompose, exceptionally",A,medium
P01,java-concurrency,completable-future,completablefuture-exception-handling-java,`CompletableFuture` Exception Handling — `exceptionally` vs `handle` vs `whenComplete`,B,medium
P01,java-concurrency,completable-future,java-future-vs-completablefuture-comparison,Future vs CompletableFuture in Java,B,medium
P01,java-concurrency,completable-future,thencompose-vs-thencombine-java,`thenCompose` vs `thenCombine` — Sequential Chain vs Parallel Combine,B,medium
P01,java-concurrency,completable-future,what-is-completablefuture-java,What Is `CompletableFuture` in Java — Beyond `Future` to Composable Async,A,medium
P01,java-concurrency,concurrency-patterns,countdownlatch-vs-cyclicbarrier-vs-semaphore,CountDownLatch vs CyclicBarrier vs Semaphore,B,medium
P01,java-concurrency,concurrency-patterns,double-checked-locking-java,"Double-Checked Locking in Java — The Pattern, the Bug, and the Fix",A,medium
P01,java-concurrency,concurrency-patterns,producer-consumer-pattern-java,Producer-Consumer Pattern in Java — BlockingQueue vs wait/notify,B,medium
P01,java-concurrency,concurrency-patterns,thread-safe-singleton-patterns-java,"Thread-Safe Singleton Patterns in Java — Enum, Holder, DCL, Eager",A,medium
P01,java-concurrency,concurrency-patterns,threadlocal-use-cases-pitfalls,ThreadLocal — Use Cases and Pitfalls,A,medium
P01,java-concurrency,concurrent-collections,blockingqueue-producer-consumer,BlockingQueue and the Producer-Consumer Pattern,A,medium
P01,java-concurrency,concurrent-collections,concurrenthashmap-internals,ConcurrentHashMap Internals,C,high
P01,java-concurrency,concurrent-collections,linkedblockingqueue-vs-arrayblockingqueue-java,"`LinkedBlockingQueue` vs `ArrayBlockingQueue` — Locking Strategy, Bounds, and Throughput",B,medium
P01,java-concurrency,concurrent-collections,why-concurrent-collections-java,"Why Concurrent Collections in Java — HashMap, synchronizedMap, and the Real Solutions",A,medium
P01,java-concurrency,java-memory-model,data-race-vs-race-condition-java,Data Race vs Race Condition in Java — Memory-Level vs Logical-Level Bugs,B,medium
P01,java-concurrency,java-memory-model,java-memory-model-happens-before,Java Memory Model and Happens-Before,A,medium
P01,java-concurrency,java-memory-model,volatile-visibility-guarantee,volatile — Visibility Guarantee in Java,A,medium
P01,java-concurrency,java-memory-model,volatile-vs-atomic-java,`volatile` vs `Atomic*` in Java — Visibility vs Compound Atomicity,B,medium
P01,java-concurrency,java-memory-model,what-is-java-memory-model-jmm,"Java Memory Model (JMM) Explained — Happens-Before, Visibility, and Why It Exists",A,medium
P01,java-concurrency,scenario-based,how-to-avoid-deadlock-java,"How to Avoid Deadlock in Java — Lock Ordering, tryLock, and Design Techniques",D,high
P01,java-concurrency,scenario-based,how-to-detect-deadlock-java-thread-dump,"Detecting Deadlock in Java — jstack, ThreadMXBean, and Dump Analysis",D,high
P01,java-concurrency,scenario-based,liveness-hazards-deadlock-livelock-starvation,"Liveness Hazards: Deadlock, Livelock, and Starvation",D,high
P01,java-concurrency,scenario-based,parallel-streams-when-they-help-vs-hurt,Parallel Streams — When They Help vs Hurt,B,medium
P01,java-concurrency,scenario-based,race-condition-identify-and-fix,Race Condition — How to Identify and Fix,D,high
P01,java-concurrency,synchronization-and-locks,atomicinteger-vs-synchronized,AtomicInteger vs synchronized — When to Use Each,E,high
P01,java-concurrency,synchronization-and-locks,reentrant-read-write-lock,ReentrantReadWriteLock — Use Cases and Pitfalls,A,medium
P01,java-concurrency,synchronization-and-locks,stampedlock-optimistic-reads,StampedLock and Optimistic Reads,A,medium
P01,java-concurrency,synchronization-and-locks,synchronized-keyword-monitors,How the synchronized Keyword and Monitors Work,A,medium
P01,java-concurrency,synchronization-and-locks,synchronized-method-vs-block-java,Synchronized Method vs Synchronized Block in Java — Granularity and Lock Object Tradeoffs,B,medium
P01,java-concurrency,synchronization-and-locks,synchronized-vs-reentrantlock,synchronized vs ReentrantLock — Which Lock to Use?,B,medium
P01,java-concurrency,synchronization-and-locks,wait-notify-vs-condition-await-signal,wait/notify vs Condition.await/signal,B,medium
P01,java-concurrency,synchronization-and-locks,what-is-synchronization-java,What Is Synchronization in Java — Mutual Exclusion and Memory Visibility Explained,A,medium
P01,java-concurrency,thread-pools-and-executor,executorservice-thread-pool-types,Java ExecutorService — Thread Pool Types,A,medium
P01,java-concurrency,thread-pools-and-executor,fixed-vs-cached-vs-single-threadpool-java,`FixedThreadPool` vs `CachedThreadPool` vs `SingleThreadExecutor` — When to Use Each (and When Not To),E,high
P01,java-concurrency,thread-pools-and-executor,forkjoinpool-recursive-task,ForkJoinPool and RecursiveTask,A,low
P01,java-concurrency,thread-pools-and-executor,rejectedexecutionhandler-java,`RejectedExecutionHandler` in Java — Four Policies and Custom Implementations,A,medium
P01,java-concurrency,thread-pools-and-executor,threadpool-sizing-cpu-io-bound,Thread Pool Sizing: CPU-Bound vs IO-Bound,B,medium
P01,java-concurrency,thread-pools-and-executor,why-use-thread-pool-java,"Why Use a Thread Pool in Java — Creation Cost, Bounded Concurrency, Graceful Shutdown",A,medium
P01,java-concurrency,threads-and-lifecycle,daemon-threads-java-explained,Daemon Threads in Java — Background Workers That Don't Block Shutdown,A,medium
P01,java-concurrency,threads-and-lifecycle,thread-interrupt-mechanism-java,"Thread Interruption in Java — `interrupt()`, `isInterrupted()`, `interrupted()` Explained",C,high
P01,java-concurrency,threads-and-lifecycle,thread-sleep-vs-wait-java,"`Thread.sleep()` vs `Object.wait()` — Lock Release, Recipients, and When to Use Each",E,high
P01,java-concurrency,threads-and-lifecycle,thread-start-vs-run-java,`Thread.start()` vs `Thread.run()` — Why Calling `run()` Directly Is a Classic Bug,B,medium
P01,java-concurrency,threads-and-lifecycle,thread-vs-runnable-vs-callable,Thread vs Runnable vs Callable,B,medium
P01,java-concurrency,threads-and-lifecycle,what-is-thread-in-java,"What Is a Thread in Java — `Thread`, `Runnable`, and Multithreading Explained",A,medium
P01,java-concurrency,virtual-threads,java21-virtual-threads-structured-concurrency,Java 21 Virtual Threads and Structured Concurrency,A,medium
P01,java-concurrency,virtual-threads,virtual-threads-pinning-problem-java,"Virtual Thread Pinning — Causes, Detection, Fixes",A,medium
P01,java-concurrency,virtual-threads,what-are-virtual-threads-java-21,Virtual Threads in Java 21 — Project Loom Explained,A,medium
P01,java-concurrency,virtual-threads,when-to-use-virtual-threads-java,When to Use Virtual Threads — Best-Fit and Bad-Fit Workloads,A,medium
P01,java-oop,comparisons,abstract-class-vs-interface-java-comparison,Abstract Class vs Interface in Java 8+ — Complete Comparison with Decision Rules,B,high
P01,java-oop,oop-principles,abstraction-abstract-class-vs-interface,Abstraction in Java — When to Use Abstract Class vs Interface,E,high
P01,java-oop,oop-principles,anonymous-inner-class-vs-lambda-java,"Anonymous Inner Class vs Lambda in Java — Scoping, `this`, Bytecode, When to Use Each",E,high
P01,java-oop,oop-principles,association-aggregation-composition,Association vs Aggregation vs Composition in Java,B,medium
P01,java-oop,oop-principles,compile-time-vs-runtime-polymorphism,Compile-Time vs Runtime Polymorphism in Java,B,medium
P01,java-oop,oop-principles,composition-vs-inheritance-java,Composition vs Inheritance — Why 'Favor Composition Over Inheritance',B,medium
P01,java-oop,oop-principles,constructor-chaining-java,Constructor Chaining in Java — this() and super(),A,medium
P01,java-oop,oop-principles,diamond-problem-java-interfaces,The Diamond Problem in Java — Why Java Bans It for Classes and How It's Resolved for Interfaces,A,medium
P01,java-oop,oop-principles,encapsulation-access-modifiers-java,"Encapsulation and Access Modifiers in Java (private, protected, public, default)",A,medium
P01,java-oop,oop-principles,enums-in-java,Enums in Java — More Than Constants,A,medium
P01,java-oop,oop-principles,equals-and-hashcode-contract-java,The `equals()` and `hashCode()` Contract — Why Violating It Silently Breaks `HashMap` and `HashSet`,A,medium
P01,java-oop,oop-principles,how-to-create-immutable-class-java,Immutability in Java — How and Why,A,medium
P01,java-oop,oop-principles,inheritance-super-keyword-java,"Inheritance in Java — IS-A Relationship, super Keyword, and Method Overriding",A,medium
P01,java-oop,oop-principles,inner-classes-java,"Inner Classes in Java — Static, Non-Static, Local, and Anonymous",A,medium
P01,java-oop,oop-principles,java-default-static-methods-interfaces,Default and Static Methods in Interfaces,A,medium
P01,java-oop,oop-principles,marker-interfaces-java,"Marker Interfaces in Java — Serializable, Cloneable, Remote",A,medium
P01,java-oop,oop-principles,method-overloading-vs-overriding-java,Method Overloading vs Method Overriding in Java,B,medium
P01,java-oop,oop-principles,object-class-methods-java,"Object Class Methods — toString, hashCode, equals, clone, finalize",A,medium
P01,java-oop,oop-principles,oop-four-pillars-java,"The Four Pillars of OOP — Encapsulation, Inheritance, Polymorphism, Abstraction",A,medium
P01,java-oop,oop-principles,serialization-serialversionuid-java,"Serialization in Java — Serializable, serialVersionUID, and Transient",A,medium
P01,java-oop,oop-principles,shallow-vs-deep-copy-java,Shallow Copy vs Deep Copy in Java,B,medium
P01,java-oop,oop-principles,static-keyword-java-explained,The static Keyword in Java,A,medium
P01,java-oop,oop-principles,this-vs-super-keyword-java,this vs super Keyword in Java,B,medium
P01,java-streams,comparisons,imperative-vs-functional-java-comparison,Imperative vs Functional Java — Loops vs Stream Pipelines,B,high
P01,java-streams,comparisons,optional-vs-null-java-comparison,`Optional` vs `null` — Where Each Belongs,B,high
P01,java-streams,comparisons,stream-vs-collection-java-comparison,"Stream vs Collection — Different Beasts, Not Substitutes",B,high
P01,java-streams,java-14-to-17-features,helpful-null-pointer-exceptions-java,Helpful NullPointerExceptions (Java 14+) — Tell Me Which Variable Was Null,A,medium
P01,java-streams,java-14-to-17-features,java-records,Java Records (Java 16+) — Concise Immutable Data Carriers,A,medium
P01,java-streams,java-14-to-17-features,pattern-matching-instanceof-java,Pattern Matching for `instanceof` — Cleaner Downcasting (Java 16+),A,medium
P01,java-streams,java-14-to-17-features,sealed-classes,Sealed Classes (Java 17+) — Closed Type Hierarchies and Exhaustive Matching,A,medium
P01,java-streams,java-14-to-17-features,switch-expressions,"Switch Expressions in Java — Arrow Syntax, `yield`, Exhaustiveness",A,medium
P01,java-streams,java-14-to-17-features,text-blocks-string-templates,"Text Blocks in Java — Multi-Line Strings, Incidental Whitespace, Escape Tricks",A,medium
P01,java-streams,java-21-features,pattern-matching-for-switch-java-21,"Switch Pattern Matching (Java 21) — Type Patterns, Deconstruction, Guards",A,medium
P01,java-streams,java-21-features,sequenced-collections-java-21,"Sequenced Collections (Java 21) — `first`, `last`, `reversed` — Finally",A,medium
P01,java-streams,java-21-features,structured-concurrency-java-21,Structured Concurrency (`StructuredTaskScope`) — Tree-Shaped Task Hierarchies,A,medium
P01,java-streams,java-21-features,virtual-threads-java-21,"Virtual Threads (Project Loom) — Carrier Threads, Pinning, and Massive Concurrency",A,medium
P01,java-streams,java-9-to-11-features,java-10-var-local-variable-type-inference,Java 10 `var` — Local Variable Type Inference,A,medium
P01,java-streams,java-9-to-11-features,java-11-http-client-api,Java 11 `HttpClient` — Modern HTTP Client with HTTP/2 and Async,A,medium
P01,java-streams,java-9-to-11-features,java-9-factory-methods-list-of-set-of-map-of,"Java 9 Immutable Collection Factories — `List.of`, `Set.of`, `Map.of`",A,medium
P01,java-streams,java-9-to-11-features,java-9-module-system-jpms,"Java 9 Module System (JPMS) — Motivation, `module-info.java`, and Migration",A,medium
P01,java-streams,lambdas-functional-interfaces,functional-interface-java-explained,Functional Interfaces in Java — Single Abstract Method Contracts,A,medium
P01,java-streams,lambdas-functional-interfaces,lambdas-functional-interfaces,Lambdas and Functional Interfaces — Complete Guide,A,medium
P01,java-streams,lambdas-functional-interfaces,method-references-java-four-types,Method References — The Four Forms and Their Lambda Equivalents,A,medium
P01,java-streams,lambdas-functional-interfaces,optional-usage,"Optional Proper Usage — Return Types, orElse, and Anti-Patterns",A,medium
P01,java-streams,lambdas-functional-interfaces,predicate-function-consumer-supplier-java,"Predicate, Function, Consumer, Supplier — Java's Core Functional Interfaces",A,medium
P01,java-streams,lambdas-functional-interfaces,streams-api,Java Streams API — How It Works and Most Useful Operations,A,medium
P01,java-streams,lambdas-functional-interfaces,what-is-lambda-expression-java,"Lambda Expressions in Java — Syntax, Scoping, and `invokedynamic`",A,medium
P01,java-streams,optional-api,optional-as-return-type-best-practices-java,`Optional` as Return Type — Brian Goetz's Guidance and Best Practices,A,medium
P01,java-streams,optional-api,optional-of-ofNullable-empty-java,`Optional.of` vs `ofNullable` vs `empty` — When to Use Each,E,high
P01,java-streams,optional-api,optional-orelse-vs-orelseget-java,`Optional.orElse` vs `orElseGet` — Eager vs Lazy Defaults,B,medium
P01,java-streams,optional-api,what-is-optional-in-java,"Java `Optional` — Purpose, API, and What It Isn't",A,medium
P01,java-streams,scenario-based,convert-list-to-map-java-streams,"List to Map in Java Streams — `Collectors.toMap`, Duplicates, and Map Suppliers",D,high
P01,java-streams,scenario-based,flatten-list-of-lists-java-streams,Flattening Nested Collections with `flatMap` — The Idiomatic Java Stream Pattern,D,high
P01,java-streams,scenario-based,group-objects-by-field-java-streams,"Grouping Objects by Field with `Collectors.groupingBy` — Single, Multi-level, Downstream",D,high
P01,java-streams,scenario-based,parallel-vs-sequential-stream-decision-java,Parallel vs Sequential Streams — When to Reach for `parallelStream`,B,medium
P01,java-streams,streams-api,collectors-advanced,Advanced Collectors and Writing Custom Collectors,A,medium
P01,java-streams,streams-api,collectors-groupingby-partitioningby-java,`groupingBy` vs `partitioningBy` — Group-By with Downstream Collectors,B,medium
P01,java-streams,streams-api,flatmap-vs-map-java-streams,`map` vs `flatMap` in Java Streams — Transform vs Flatten,B,medium
P01,java-streams,streams-api,intermediate-vs-terminal-operations-java,Intermediate vs Terminal Operations in Java Streams — Lazy vs Triggering,B,medium
P01,java-streams,streams-api,lambda-fundamentals,Lambda Expressions and Functional Interfaces in Java,A,medium
P01,java-streams,streams-api,lazy-evaluation-streams-java,Lazy Evaluation in Java Streams — How It Works and Why It Matters,A,medium
P01,java-streams,streams-api,method-references,Method References in Java — Four Types and When to Use Each,A,medium
P01,java-streams,streams-api,optional-best-practices,Using Java Optional Correctly — Best Practices and Anti-Patterns,A,medium
P01,java-streams,streams-api,parallel-stream-when-to-use-java,"When to Use Parallel Streams — Trade-offs, Pitfalls, and Better Alternatives",A,medium
P01,java-streams,streams-api,reduce-vs-collect-java-streams,`reduce` vs `collect` — Immutable Folding vs Mutable Reduction,B,medium
P01,java-streams,streams-api,stream-api-operations,Java Stream API — Intermediate and Terminal Operations Deep Dive,A,medium
P01,java-streams,streams-api,stream-performance,"Stream Performance, Parallel Streams, and Common Pitfalls",A,medium
P01,java-streams,streams-api,what-is-java-stream-api,What Is the Java Stream API — Declarative Pipelines Over Collections,A,medium
P01,jvm-internals,comparisons,aot-vs-jit-compilation-comparison,"AOT vs JIT Compilation in Java — Startup, Throughput, Memory, and Build Trade-offs",B,high
P01,jvm-internals,comparisons,minor-gc-vs-full-gc-comparison,"Minor GC vs Full GC — Scope, Pause Duration, Causes, and Log Signatures",B,high
P01,jvm-internals,garbage-collection,full-gc-vs-minor-gc-java,Full GC vs Minor GC vs Major GC — Semantics and Log Diagnosis,B,medium
P01,jvm-internals,garbage-collection,g1-vs-cms-gc-java,G1GC vs CMS — Why G1 Replaced CMS as the Low-Pause Collector,B,medium
P01,jvm-internals,garbage-collection,gc-algorithms-comparison,"JVM Garbage Collectors Compared — G1, ZGC, Shenandoah, Parallel",B,medium
P01,jvm-internals,garbage-collection,gc-tuning-gclog-analysis,GC Tuning and GC Log Analysis,A,medium
P01,jvm-internals,garbage-collection,generational-gc-young-old-java,Generational Garbage Collection — Young vs Old Generation Explained,B,medium
P01,jvm-internals,garbage-collection,what-is-garbage-collection-java,What Is Garbage Collection in Java? — Reachability and Reference Strengths,A,medium
P01,jvm-internals,garbage-collection,zgc-shenandoah-low-latency-gc-java,ZGC and Shenandoah — Sub-Millisecond Pauses Through Concurrent Compaction,A,medium
P01,jvm-internals,jvm-architecture,classloader-hierarchy,ClassLoader Hierarchy and Parent Delegation,A,medium
P01,jvm-internals,jvm-architecture,heap-vs-stack-memory-java,"Heap vs Stack Memory in the JVM — Lifetime, Errors, and What Lives Where",B,medium
P01,jvm-internals,jvm-architecture,jit-compilation-tiered-compilation,JIT Compilation and Tiered Compilation in HotSpot,A,medium
P01,jvm-internals,jvm-architecture,jvm-jre-jdk-difference,JVM vs JRE vs JDK — Disambiguating the Java Runtime Stack,B,medium
P01,jvm-internals,jvm-architecture,jvm-memory-areas,"JVM Runtime Data Areas — Heap, Stack, Metaspace, Code Cache",A,medium
P01,jvm-internals,jvm-architecture,metaspace-vs-permgen-java-8,Metaspace vs PermGen — Why Java 8 Replaced PermGen,B,medium
P01,jvm-internals,jvm-tuning,jvm-flags-xms-xmx-java,"Essential JVM Flags — -Xms, -Xmx, -XX Categories, and How to Inspect Them",A,medium
P01,jvm-internals,jvm-tuning,jvm-startup-optimization-virtual-threads,JVM Startup Optimization and Virtual Threads (Java 21),A,medium
P01,jvm-internals,jvm-tuning,spring-boot-jvm-container-settings,JVM Settings for Spring Boot in Docker/Kubernetes,A,medium
P01,jvm-internals,jvm-tuning,tuning-jvm-microservices-containers-java,"Tuning the JVM for Microservices in Containers — CPU Quotas, Memory Pressure, and Cold Starts",G,medium
P01,jvm-internals,memory-analysis,heap-dump-analysis-mat-eclipse-java,Heap Dump Analysis with Eclipse MAT — Dominator Tree and Leak Suspects,A,medium
P01,jvm-internals,memory-analysis,how-to-find-memory-leak-java-production,How to Find a Memory Leak in Java Production — End-to-End Investigation,D,medium
P01,jvm-internals,memory-analysis,java-stackoverflow-vs-outofmemoryerror,StackOverflowError vs OutOfMemoryError in Java,B,medium
P01,jvm-internals,memory-analysis,memory-leak-detection-heap-dump,Java Memory Leak Detection — Heap Dump Analysis,A,medium
P01,jvm-internals,profiling-and-debugging,how-to-profile-java-application,How to Profile a Java Application — Sampling vs Instrumenting Profilers,B,medium
P01,jvm-internals,profiling-and-debugging,java-profiling-async-profiler,Java Profiling in Production — async-profiler and JFR,A,medium
P01,jvm-internals,profiling-and-debugging,jfr-java-flight-recorder,Java Flight Recorder (JFR) — Continuous Production Profiling Built Into the JVM,A,medium
P01,jvm-internals,profiling-and-debugging,thread-dumps-deadlock-analysis,Thread Dumps and Deadlock Analysis,A,medium
P01,jvm-internals,scenario-based,annotation-processing-runtime,Annotation Processing at Compile Time and Runtime,D,high
P01,jvm-internals,scenario-based,how-to-investigate-oom-in-production-java,Investigating an OutOfMemoryError in Production — End-to-End Playbook,D,high
P01,jvm-internals,scenario-based,how-to-reduce-gc-pause-time-java,"How to Reduce GC Pause Times in Java — Allocation, Algorithm, Heap, and Tuning",D,high
P01,jvm-internals,scenario-based,java-module-system-jpms,Java Module System (JPMS),D,high
P01,jvm-internals,scenario-based,java-nio-vs-traditional-io,NIO vs Traditional IO,B,medium
P01,jvm-internals,scenario-based,java-reflection-performance,Java Reflection and Performance Cost,D,high
P02,spring-batch,batch-error-handling,retry-vs-skip-policy-design,Designing Retry vs Skip Policy in Production,B,medium
P02,spring-batch,batch-error-handling,spring-batch-retry-skip-logic,Spring Batch Retry and Skip Logic for Fault-Tolerant Jobs,A,medium
P02,spring-batch,batch-fundamentals,spring-batch-core-concepts-job-step-chunk-tasklet,"Spring Batch Core Concepts: Job, Step, Chunk, and Tasklet",A,medium
P02,spring-batch,batch-fundamentals,spring-batch-vs-plain-jdbc-batch-when-to-use,Spring Batch vs Plain JDBC Batch — When the Framework Earns Its Weight,B,medium
P02,spring-batch,chunk-processing,chunk-size-tuning-and-skip-policy,Chunk Size Tuning and Custom SkipPolicy Design,A,medium
P02,spring-batch,chunk-processing,spring-batch-chunk-processing-vs-tasklet,Spring Batch: Chunk-Oriented Processing End-to-End,A,medium
P02,spring-batch,comparisons,spring-batch-vs-kafka-streams-data-pipeline,Spring Batch vs Kafka Streams — Bounded Jobs vs Streaming Pipelines,B,high
P02,spring-batch,comparisons,spring-batch-vs-spring-integration,Spring Batch vs Spring Integration — When to Use Each,E,high
P02,spring-batch,item-reader-writer-processor,composite-itemwriter-and-classifier-pattern,CompositeItemWriter and ClassifierCompositeItemWriter Patterns,A,medium
P02,spring-batch,item-reader-writer-processor,spring-batch-itemreader-itemprocessor-itemwriter-chunk-processing,"ItemReader, ItemProcessor, and ItemWriter: Chunk Processing in Spring Batch",A,medium
P02,spring-batch,job-and-step-structure,job-flow-control-decision-and-split,"Spring Batch Job Flow — Conditional Transitions, Deciders, and Splits",A,medium
P02,spring-batch,job-and-step-structure,spring-batch-job-parameters-restart-failed-jobs,Spring Batch Job Parameters and Restarting Failed Jobs,A,medium
P02,spring-batch,job-scheduling-with-quartz,quartz-misfire-recovery-and-jobparameters-uniqueness,"Quartz Misfires, Recovery, and Spring Batch JobInstance Uniqueness",A,medium
P02,spring-batch,job-scheduling-with-quartz,spring-batch-quartz-scheduling-clustered,Scheduling Spring Batch Jobs with Quartz (Clustered),A,medium
P02,spring-batch,partitioning-and-parallel-steps,remote-partitioning-with-messaging-design,"Remote Partitioning Design — Kafka, AMQP, Failure Modes, Restart",G,medium
P02,spring-batch,partitioning-and-parallel-steps,spring-batch-partitioning-parallel-strategies,"Spring Batch Parallelism: Multi-Threaded, Async, Partitioning",A,medium
P02,spring-batch,scheduled-tasks,scheduled-task-observability-and-error-handling,"@Scheduled Observability, Error Handling, and Resilience Patterns",A,medium
P02,spring-batch,scheduled-tasks,spring-scheduled-tasks-fixed-rate-cron-distributed,"Spring @Scheduled — fixedRate vs fixedDelay vs cron, plus Clustered Patterns",B,medium
P02,spring-boot,actuator,actuator-custom-endpoint-and-prometheus-exposition,Custom Actuator Endpoint and Prometheus Exposition,A,medium
P02,spring-boot,actuator,spring-boot-actuator-endpoints-security,Spring Boot Actuator — Endpoints and Security,A,medium
P02,spring-boot,auto-configuration,custom-auto-configuration-spring-factories,Custom Auto-Configuration (spring.factories / AutoConfiguration.imports),A,medium
P02,spring-boot,auto-configuration,spring-boot-application-annotation,@SpringBootApplication — What It Combines,A,medium
P02,spring-boot,auto-configuration,spring-boot-auto-configuration-internals,Spring Boot Auto-Configuration — How It Works Internally,C,high
P02,spring-boot,auto-configuration,spring-boot-startup-customization,"Customizing Spring Boot Startup — Banner, Listeners, and FailureAnalyzer",A,medium
P02,spring-boot,auto-configuration,spring-boot-startup-sequence,Spring Boot Startup Sequence (SpringApplication.run Phases),A,medium
P02,spring-boot,comparisons,spring-boot-vs-spring-cloud,Spring Boot vs Spring Cloud — What's the Difference?,B,high
P02,spring-boot,comparisons,spring-boot-vs-spring-framework-difference,Spring Framework vs Spring Boot — What's the Difference?,B,high
P02,spring-boot,configuration-management,application-properties-vs-yml-vs-env-vars,application.properties vs application.yml vs Environment Variables,B,medium
P02,spring-boot,configuration-management,configuration-properties-vs-value,@ConfigurationProperties vs @Value,B,medium
P02,spring-boot,configuration-management,spring-boot-logging-configuration,"Spring Boot Logging — Logback Configuration, Log Levels, and Structured Logs",A,medium
P02,spring-boot,embedded-servers,spring-boot-embedded-server-configuration,"Embedded Server Configuration (Tomcat, Jetty, Undertow)",A,medium
P02,spring-boot,embedded-servers,tomcat-vs-jetty-vs-undertow-when-to-switch,Tomcat vs Jetty vs Undertow — When to Switch,B,medium
P02,spring-boot,profiles-and-properties,connection-timeout,Connection and Read Timeouts for Embedded Servers,A,medium
P02,spring-boot,profiles-and-properties,context-path,Configuring the Application Context Path in Spring Boot,A,medium
P02,spring-boot,profiles-and-properties,datasource-properties,Essential DataSource Properties in Spring Boot,A,medium
P02,spring-boot,profiles-and-properties,ddl-auto,spring.jpa.hibernate.ddl-auto Values Explained,A,medium
P02,spring-boot,profiles-and-properties,hikari-pool-config,HikariCP Connection Pool Configuration and Tuning,A,medium
P02,spring-boot,profiles-and-properties,jpa-properties,Important JPA and Hibernate Properties in Spring Boot,A,medium
P02,spring-boot,profiles-and-properties,max-connections,Configuring Maximum Server Connections in Spring Boot,A,medium
P02,spring-boot,profiles-and-properties,max-threads,Tomcat Thread Pool Configuration in Spring Boot,A,medium
P02,spring-boot,profiles-and-properties,server-port,Configuring the Server Port in Spring Boot,A,medium
P02,spring-boot,profiles-and-properties,show-sql,Enabling SQL Query Logging in Spring Boot,A,medium
P02,spring-boot,scenario-based,async-annotation-spring-boot,@Async — Asynchronous Method Execution in Spring Boot,D,high
P02,spring-boot,scenario-based,commandlinerunner-applicationrunner,CommandLineRunner vs ApplicationRunner — Running Code at Startup,B,medium
P02,spring-boot,scenario-based,scheduled-annotation-spring-boot,@Scheduled — Cron Jobs and Fixed-Rate Tasks in Spring Boot,D,high
P02,spring-boot,scenario-based,spring-boot-devtools,Spring Boot DevTools — Hot Reload and Live Restart in Development,D,high
P02,spring-boot,scenario-based,spring-boot-docker-layered-jars,Spring Boot Docker — Building Optimized Images with Layered JARs,D,high
P02,spring-boot,starters,spring-boot-starters-explained-custom-starter,Spring Boot Starters: What They Do and How to Build One,A,medium
P02,spring-boot,testing,spring-boot-testing-slices-context-caching,"Spring Boot Testing: @SpringBootTest, Slices, and Context Caching",A,medium
P02,spring-boot,testing,testcontainers-with-springboottest-integration-pattern,Testcontainers with @SpringBootTest — The Integration Pattern,A,medium
P02,spring-boot,troubleshooting,global-exception-handling-spring-boot,Global Exception Handling with @ControllerAdvice and @ExceptionHandler,A,medium
P02,spring-boot,troubleshooting,spring-boot-graceful-shutdown,Graceful Shutdown in Spring Boot,A,medium
P02,spring-core,aop,how-spring-aop-works,"How Spring AOP Works (Proxy, JDK vs CGLIB)",B,medium
P02,spring-core,aop,pointcut-expressions-spring-aop,Pointcut Expressions — Targeting Methods in Spring AOP,A,medium
P02,spring-core,bean-lifecycle,circular-dependency-spring,Circular Dependencies in Spring — How to Detect and Fix,A,medium
P02,spring-core,bean-lifecycle,lazy-annotation-spring,@Lazy Annotation — Deferred Bean Initialization,A,medium
P02,spring-core,bean-lifecycle,postconstruct-predestroy-spring,@PostConstruct and @PreDestroy — Bean Initialization and Destruction Callbacks,A,medium
P02,spring-core,bean-lifecycle,prototype-in-singleton-problem,Prototype Bean in Singleton — The Scoping Trap,A,medium
P02,spring-core,bean-lifecycle,spring-bean-lifecycle,Spring Bean Lifecycle,C,high
P02,spring-core,bean-lifecycle,spring-bean-scopes,Bean Scopes: Singleton vs Prototype vs Request vs Session,B,medium
P02,spring-core,comparisons,applicationcontext-vs-beanfactory,ApplicationContext vs BeanFactory — Two Container Interfaces,B,high
P02,spring-core,comparisons,autowired-vs-inject-vs-resource,@Autowired vs @Inject vs @Resource — Three Injection Annotations,B,high
P02,spring-core,comparisons,bean-scopes-singleton-prototype-request-session,"Spring Bean Scopes: Singleton, Prototype, Request, Session, Application",B,high
P02,spring-core,comparisons,component-vs-bean-annotation,@Component vs @Bean — Two Ways to Register Beans,B,high
P02,spring-core,custom-components,component-scan-spring,@ComponentScan — How Spring Discovers Beans,A,medium
P02,spring-core,custom-components,component-vs-service-vs-repository-vs-controller,@Component vs @Service vs @Repository vs @Controller,B,medium
P02,spring-core,dependency-injection,constructor-vs-field-vs-setter-injection,Constructor Injection vs Field Injection vs Setter Injection,B,medium
P02,spring-core,dependency-injection,how-autowired-works-internally,How @Autowired Works Internally,A,medium
P02,spring-core,dependency-injection,qualifier-and-primary-ambiguous-injection,@Qualifier and @Primary — Resolving Ambiguous Injection,A,medium
P02,spring-core,dependency-injection,spring-ioc-dependency-injection-explained,Inversion of Control (IoC) and Dependency Injection in Spring,A,medium
P02,spring-core,dependency-injection,value-annotation-property-injection,@Value and Property Injection — Externalized Configuration,A,medium
P02,spring-core,scenario-based,spring-profiles-profile-annotation,"Spring Profiles (@Profile, spring.profiles.active)",D,high
P02,spring-core,scenario-based,transactional-propagation-types,@Transactional — Propagation Types,D,high
P02,spring-core,spring-events,spring-events-eventlistener-applicationeventpublisher,"Spring Events (@EventListener, ApplicationEventPublisher)",A,medium
P02,spring-core,spring-events,transactional-event-listener-and-async-events,@TransactionalEventListener vs @Async Event Listeners,B,medium
P02,spring-core,spring-internals,beanfactory-vs-applicationcontext,Spring IoC Container: BeanFactory vs ApplicationContext,B,medium
P02,spring-core,spring-internals,conditional-and-custom-conditions,@Conditional and Custom Conditions,C,high
P02,spring-core,spring-internals,spring-expression-language-spel,Spring Expression Language (SpEL) — Dynamic Values in Configuration,C,high
P02,spring-data-jpa,batch-processing,jpa-hibernate-batch-insert-update-best-practices,"JPA Batch Processing — Inserts, Updates, StatelessSession, COPY",A,medium
P02,spring-data-jpa,caching,hibernate-caching-l1-l2-query-cache,"Hibernate Caching — L1, L2, and Query Cache",A,medium
P02,spring-data-jpa,caching,hibernate-second-level-cache-and-query-cache-config,"Configuring L2 + Query Cache — Providers, Regions, and Tuning",A,medium
P02,spring-data-jpa,comparisons,jpa-vs-jdbc-vs-mybatis-vs-jooq-data-access,Data Access — JPA vs JDBC vs MyBatis vs jOOQ,B,high
P02,spring-data-jpa,custom-repositories,pagination-sorting-spring-data,"Pagination — Pageable, Page, Slice, and Keyset",A,medium
P02,spring-data-jpa,custom-repositories,spring-data-jpa-repository-methods,"Spring Data JPA Repository Methods — Derived, JPQL, Native",A,medium
P02,spring-data-jpa,custom-repositories,spring-data-specifications-dynamic-queries,Spring Data Specifications for Dynamic Queries,A,medium
P02,spring-data-jpa,database-migrations,flyway-liquibase-database-migrations,Database Migrations — Flyway and Liquibase in Spring Boot,A,medium
P02,spring-data-jpa,database-migrations,flyway-vs-liquibase-decision-and-baseline-strategy,Flyway vs Liquibase — Decision Criteria and Baseline Strategy,B,medium
P02,spring-data-jpa,entity-relationships,hibernate-onetomany-fetch-strategies,"@OneToMany Fetch Strategies — JOIN, SUBSELECT, SELECT, BatchSize",A,medium
P02,spring-data-jpa,entity-relationships,jpa-cascade-types-orphan-removal,JPA Cascade Types and `orphanRemoval` — When to Use Each,A,medium
P02,spring-data-jpa,entity-relationships,jpa-entity-relationships-onetomany-manytomany,"JPA Entity Relationships — Owning Side, Inverse Side, Mapping",A,medium
P02,spring-data-jpa,hibernate-internals,hibernate-session-vs-entitymanager,Hibernate Session vs JPA EntityManager — Persistence Context Internals,B,medium
P02,spring-data-jpa,hibernate-internals,hibernate-sql-generation-dirty-checking-flush-modes,"Hibernate SQL Generation — Dirty Checking, ActionQueue, Flush Modes",C,high
P02,spring-data-jpa,hibernate-internals,lazy-initialization-exception-causes-fixes,LazyInitializationException — Causes and Fixes,C,high
P02,spring-data-jpa,hibernate-internals,lazy-vs-eager-loading,"LAZY vs EAGER Loading in JPA — Defaults, OSIV, and the Right Fix",B,medium
P02,spring-data-jpa,jpa-fundamentals,jpa-entity-lifecycle,JPA Entity Lifecycle States,C,high
P02,spring-data-jpa,jpa-fundamentals,jpa-inheritance-mapping-strategies,JPA Inheritance Mapping Strategies,A,medium
P02,spring-data-jpa,jpa-fundamentals,jpa-vs-hibernate-difference,JPA vs Hibernate — Specification vs Implementation,B,medium
P02,spring-data-jpa,multi-tenancy,discriminator-vs-schema-vs-database-multitenancy-implementation,"Implementing Discriminator, Schema, and Database Multi-Tenancy in Hibernate",A,medium
P02,spring-data-jpa,multi-tenancy,multi-datasource-spring-boot,Multiple DataSources in Spring Boot — Configuration and Routing,A,medium
P02,spring-data-jpa,n-plus-one-problem,entity-graph-solving-n-plus-one,Solving N+1 with @EntityGraph,D,high
P02,spring-data-jpa,n-plus-one-problem,n-plus-one-query-problem,N+1 Query Problem in Spring Data JPA,D,high
P02,spring-data-jpa,query-optimization,dto-projections-interface-class-based,DTO Projections in Spring Data JPA,A,medium
P02,spring-data-jpa,query-optimization,hibernate-criteria-api-vs-jpql-vs-native-sql,Hibernate Criteria API vs JPQL vs Native SQL,B,medium
P02,spring-data-jpa,query-optimization,modifying-bulk-updates-deletes,@Modifying Bulk Updates and Deletes in Spring Data JPA,A,medium
P02,spring-data-jpa,scenario-based,audit-logging-created-date-last-modified-date,Audit Logging with @CreatedDate and @LastModifiedDate,D,high
P02,spring-data-jpa,scenario-based,hikaricp-connection-pooling-spring,HikariCP Connection Pool — Configuration and Tuning in Spring Boot,D,high
P02,spring-data-jpa,spring-data-jpa,jparepository-vs-crudrepository-vs-pagingandsortingrepository,JpaRepository vs CrudRepository vs PagingAndSortingRepository,B,medium
P02,spring-data-jpa,spring-data-jpa,spring-data-jpa-repository-derived-queries-specifications,"Spring Data JPA — Repositories, Derived Queries, @Query, Specifications",A,medium
P02,spring-data-jpa,transactions,optimistic-vs-pessimistic-locking,Optimistic vs Pessimistic Locking in JPA,B,medium
P02,spring-data-jpa,transactions,transactional-internals-propagation,@Transactional Internals — Proxy and Propagation,C,high
P02,spring-security,authentication,password-hashing-bcrypt-vs-argon2,Password Hashing — BCrypt vs Argon2,B,medium
P02,spring-security,authentication,session-vs-token-based-authentication,Session-Based vs Token-Based Authentication,B,medium
P02,spring-security,authentication,userdetailsservice-userdetails-custom-implementation,UserDetailsService and UserDetails — Custom Implementation,A,medium
P02,spring-security,authorization,authentication-vs-authorization-spring-security,Authentication vs Authorization in Spring Security,B,medium
P02,spring-security,authorization,preauthorize-vs-secured-vs-rolesallowed,@PreAuthorize vs @Secured vs @RolesAllowed,B,medium
P02,spring-security,comparisons,jwt-vs-session-vs-oauth2-vs-saml-authentication,Authentication Strategies: JWT vs Session vs OAuth2 vs SAML,B,high
P02,spring-security,cors-and-csrf,cors-configuration-spring-security,CORS Configuration with Spring Security,A,medium
P02,spring-security,cors-and-csrf,csrf-spring-security-protection,CSRF — What It Is and Spring Security CSRF Protection,A,medium
P02,spring-security,jwt,jwt-authentication-spring-security,How to Implement JWT Authentication from Scratch in Spring Security,A,medium
P02,spring-security,jwt,jwt-security-signing-expiry-refresh,"JWT Security — Signing, Expiry, and Refresh Token Rotation",A,medium
P02,spring-security,oauth2,oauth2-authorization-code-flow,OAuth2 Authorization Code Flow,A,medium
P02,spring-security,oauth2,oauth2-resource-server-spring-security,OAuth2 Resource Server Configuration in Spring Security,A,medium
P02,spring-security,scenario-based,owasp-top-10,OWASP Top 10 — Critical Web Vulnerabilities,D,high
P02,spring-security,scenario-based,rate-limiting-brute-force-prevention,Rate Limiting to Prevent Brute Force Attacks,D,high
P02,spring-security,scenario-based,secrets-management-never-hardcode,Secrets Management — Never Hardcode Credentials,D,high
P02,spring-security,scenario-based,sql-injection-jpa-prevention,SQL Injection — How It Works and JPA Prevention,D,high
P02,spring-security,scenario-based,xss-stored-reflected-dom,XSS — Stored vs Reflected vs DOM-Based,B,medium
P02,spring-security,security-configuration,securityfilterchain-modern-config-vs-websecurityconfigureradapter-migration,WebSecurityConfigurerAdapter to SecurityFilterChain Migration (Spring Security 6),A,medium
P02,spring-security,security-configuration,spring-security-filter-chain-configuration,Spring Security Filter Chain and SecurityFilterChain Configuration,A,medium
P02,spring-security,security-fundamentals,security-context-security-context-holder,SecurityContext and SecurityContextHolder — How They Work,A,medium
P02,spring-security,security-fundamentals,spring-security-filter-chain,Spring Security Filter Chain — How Requests Flow Through,A,medium
P02,spring-security,sso-and-saml,saml-vs-oidc-decision-and-spring-saml2-relyingparty,SAML vs OIDC Decision and Spring Security saml2 RelyingPartyRegistration,B,medium
P02,spring-security,sso-and-saml,sso-saml-oidc-enterprise-integration,Enterprise SSO: SAML 2.0 and OIDC Integration,A,medium
P02,spring-security,testing,mockmvc-with-springsecurity-and-method-security-testing,MockMvc with Spring Security: End-to-End and Method Security Testing,A,medium
P02,spring-security,testing,testing-with-withmockuser-security-mock-mvc,Testing with @WithMockUser and SecurityMockMvcRequestPostProcessors,A,medium
P02,spring-webflux,backpressure,flatmap-concurrency-prefetch-tuning,flatMap Concurrency and Prefetch — Tuning Reactor Throughput,A,medium
P02,spring-webflux,backpressure,reactive-backpressure-strategies-practical,Reactor Backpressure — Strategies and Practical Handling,A,medium
P02,spring-webflux,comparisons,spring-mvc-vs-webflux-vs-virtual-threads,Spring MVC vs WebFlux vs MVC + Virtual Threads — 2026 Decision Guide,B,high
P02,spring-webflux,comparisons,webclient-vs-resttemplate-comparison,WebClient vs RestTemplate — Reactive vs Blocking HTTP Clients,B,high
P02,spring-webflux,error-handling-reactive,reactive-retry-timeout-circuit-breaker-patterns,"Reactive Resilience — Retry, Timeout, Circuit Breaker, Bulkhead",A,medium
P02,spring-webflux,mono-and-flux,mono-vs-flux-when-to-use,Mono vs Flux — Choosing the Right Type and Converting Between Them,B,medium
P02,spring-webflux,r2dbc-reactive-data,r2dbc-reactive-data-spring-boot,R2DBC — Reactive Relational Data Access with Spring,A,medium
P02,spring-webflux,r2dbc-reactive-data,r2dbc-vs-jdbc-comparison,R2DBC vs JDBC — Reactive vs Blocking Database Access,B,medium
P02,spring-webflux,reactive-programming-basics,reactive-programming-fundamentals-backpressure,"Reactive Programming — Fundamentals, Backpressure, and When It Helps",A,medium
P02,spring-webflux,reactive-programming-basics,reactive-vs-imperative-mental-model,Imperative vs Reactive — The Mental Model Shift,B,medium
P02,spring-webflux,spring-webflux-setup,spring-webflux-setup-controllers-functional,"Spring WebFlux Setup — Controllers, Functional Routing, WebClient",A,medium
P02,spring-webflux,spring-webflux-setup,webflux-vs-mvc-stack-choice,WebFlux vs MVC Stack Choice — Thread-per-Request vs Event Loop,B,medium
P02,spring-webflux,testing-reactive,stepverifier-virtual-time-testing,StepVerifier Virtual Time — Testing Delay-Based Operators,A,medium
P02,spring-webflux,testing-reactive,testing-reactive-stepverifier-webtestclient,"Testing Reactive Code — StepVerifier, WebTestClient, BlockHound",A,medium
P03,nosql-mongodb,comparisons,mongodb-atlas-search-vs-elasticsearch,MongoDB Atlas Search vs Elasticsearch,B,high
P03,nosql-mongodb,comparisons,mongodb-vs-dynamodb-managed-tradeoffs,MongoDB Atlas vs DynamoDB: Managed Trade-offs,B,high
P03,nosql-mongodb,comparisons,mongodb-vs-dynamodb-vs-cassandra-vs-postgres-jsonb,MongoDB vs DynamoDB vs Cassandra vs Postgres JSONB,B,high
P03,nosql-mongodb,comparisons,mongodb-vs-postgres-jsonb-when-each-wins,MongoDB vs Postgres JSONB: When Each Wins,B,high
P03,nosql-mongodb,document-model,mongodb-document-model-vs-relational-model,MongoDB Document Model vs Relational Model,B,medium
P03,nosql-mongodb,document-model,mongodb-embedding-vs-referencing-documents,Embedding vs Referencing Documents in MongoDB,B,medium
P03,nosql-mongodb,elasticsearch-basics,elasticsearch-aggregations,Elasticsearch Aggregations: How to Aggregate and Analyze Data,A,medium
P03,nosql-mongodb,elasticsearch-basics,elasticsearch-analyzers-tokenizers,Elasticsearch Analyzers and Tokenizers Explained,A,medium
P03,nosql-mongodb,elasticsearch-basics,elasticsearch-cluster-nodes-shards-replicas,"Elasticsearch Cluster Architecture: Nodes, Shards, and Replicas",A,medium
P03,nosql-mongodb,elasticsearch-basics,elasticsearch-index-mapping,Elasticsearch Index Mapping: What It Is and How to Configure It,A,medium
P03,nosql-mongodb,elasticsearch-basics,elasticsearch-match-vs-term-vs-bool,Elasticsearch Query Types: match vs term vs bool,B,medium
P03,nosql-mongodb,elasticsearch-basics,elasticsearch-pagination-deep-results,Elasticsearch Pagination: Handling Deep Result Sets,A,medium
P03,nosql-mongodb,elasticsearch-basics,elasticsearch-spring-boot-integration,Integrating Elasticsearch with Spring Boot,A,medium
P03,nosql-mongodb,elasticsearch-basics,elasticsearch-sync-primary-database,Keeping Elasticsearch in Sync with the Primary Database,A,medium
P03,nosql-mongodb,elasticsearch-basics,elasticsearch-vs-postgresql-search,Elasticsearch vs PostgreSQL for Search,B,medium
P03,nosql-mongodb,elasticsearch-basics,inverted-index-full-text-search,Inverted Index: The Foundation of Full-Text Search,A,medium
P03,nosql-mongodb,elasticsearch-basics,mongodb-atlas-search-vs-elasticsearch,MongoDB Atlas Search vs Elasticsearch,B,medium
P03,nosql-mongodb,mongodb-core,mongodb-aggregation-pipeline-match-group-lookup,"MongoDB Aggregation Pipeline: $match, $group, $lookup",A,medium
P03,nosql-mongodb,mongodb-core,mongodb-multi-document-acid-transactions,MongoDB Multi-Document ACID Transactions,A,medium
P03,nosql-mongodb,mongodb-core,mongodb-performance-explain-query-optimization,MongoDB Performance: `explain()` and Query Optimization,A,medium
P03,nosql-mongodb,mongodb-core,mongodb-replica-sets-read-preferences,MongoDB Replica Sets and Read Preferences,A,medium
P03,nosql-mongodb,mongodb-core,mongodb-sharding-shard-keys-chunks-balancer,"MongoDB Sharding: Shard Keys, Chunks, Balancer, Zones",A,medium
P03,nosql-mongodb,mongodb-indexes,mongodb-covered-queries-and-esr-rule,MongoDB Covered Queries and the ESR Rule,A,medium
P03,nosql-mongodb,mongodb-indexes,mongodb-indexing-compound-sparse-ttl,"MongoDB Indexes: Compound, Sparse, Partial, TTL",A,medium
P03,nosql-mongodb,mongodb-indexes,mongodb-text-indexes-vs-atlas-search,MongoDB Text Indexes vs Atlas Search,B,medium
P03,nosql-mongodb,mongodb-with-spring,mongodb-change-streams-spring-data,MongoDB Change Streams with Spring Data,A,medium
P03,nosql-mongodb,mongodb-with-spring,spring-data-mongodb-repository-queries,Spring Data MongoDB Repository Queries,A,medium
P03,nosql-mongodb,nosql-fundamentals,cap-theorem-and-base-vs-acid,CAP Theorem Deep-Dive and BASE vs ACID,B,medium
P03,nosql-mongodb,nosql-fundamentals,mongodb-write-concern-and-read-concern-consistency,"MongoDB Write Concern, Read Concern, and Read Preference",A,medium
P03,nosql-mongodb,nosql-patterns,dynamodb-single-table-design-patterns,DynamoDB Single-Table Design,A,low
P03,nosql-mongodb,nosql-patterns,mongodb-bucket-pattern-time-series,MongoDB Bucket Pattern for Time-Series,A,medium
P03,nosql-mongodb,nosql-patterns,mongodb-schema-versioning-pattern,MongoDB Schema Versioning Pattern,A,medium
P03,nosql-mongodb,nosql-patterns,mongodb-subset-and-computed-pattern,MongoDB Subset and Computed Patterns,A,medium
P03,nosql-mongodb,scenario-based,handling-mongodb-schema-evolution-in-prod,Handling MongoDB Schema Evolution in Production,D,high
P03,nosql-mongodb,scenario-based,migrating-mongodb-to-postgres-jsonb,Migrating MongoDB to Postgres JSONB,D,high
P03,nosql-mongodb,scenario-based,mongodb-hot-shard-investigation-remediation,Hot Shard in MongoDB: Diagnose and Fix,D,high
P03,postgresql,postgresql-features,mysql-vs-postgresql-java-developers,MySQL vs PostgreSQL for Java Developers,B,medium
P03,postgresql,postgresql-features,postgresql-connection-pooling-pgbouncer,PostgreSQL Connection Pooling with PgBouncer — Transaction vs Session Pooling,B,medium
P03,postgresql,postgresql-features,postgresql-full-text-search,"PostgreSQL Full-Text Search — tsvector, tsquery, GIN, Ranking",A,medium
P03,postgresql,postgresql-features,postgresql-indexes-btree-gin-gist,"PostgreSQL Indexes — B-Tree, GIN, GiST, BRIN, Hash",A,medium
P03,postgresql,postgresql-features,postgresql-jsonb-vs-json,"PostgreSQL JSONB vs JSON — Operators, Indexing, Decision Tree",B,medium
P03,postgresql,postgresql-features,postgresql-partitioning-large-tables,"PostgreSQL Table Partitioning — Range, List, Hash, and Pruning",A,medium
P03,postgresql,postgresql-features,postgresql-replication-streaming-logical,PostgreSQL Streaming vs Logical Replication,B,medium
P03,postgresql,postgresql-features,postgresql-transactions-isolation-levels,"PostgreSQL Transaction Isolation Levels — Read Committed, Repeatable Read, Serializable",A,medium
P03,postgresql,postgresql-features,postgresql-vacuum-and-bloat,"PostgreSQL VACUUM, Bloat, and Autovacuum Tuning",A,medium
P03,postgresql,postgresql-features,postgresql-window-functions,"PostgreSQL Window Functions — RANK, ROW_NUMBER, LAG, LEAD",A,medium
P03,postgresql,postgresql-features,postgresql-with-spring-boot,PostgreSQL with Spring Boot — Production Configuration End-to-End,A,medium
P03,redis-caching,cache-invalidation,cache-invalidation-strategies,Cache Invalidation Strategies in Spring Boot with Redis,A,medium
P03,redis-caching,cache-patterns,cache-stampede-thundering-herd,Cache Stampede (Thundering Herd) Problem and Solutions,A,medium
P03,redis-caching,caching-strategies,cache-strategies-comparison,Cache-Aside vs Write-Through vs Write-Behind Caching Strategies,B,medium
P03,redis-caching,caffeine-cache,caffeine-cache-spring-boot-configuration-policies,"Caffeine Cache: Configuration, Policies, Stats",A,medium
P03,redis-caching,comparisons,redis-vs-memcached-vs-caffeine-vs-hazelcast,Redis vs Memcached vs Caffeine vs Hazelcast,B,high
P03,redis-caching,distributed-caching,distributed-locking-redisson,Distributed Locking with Redisson in Spring Boot,A,medium
P03,redis-caching,performance-optimization,redis-memory-optimization,Redis Memory Optimization: Eviction Policies and maxmemory Configuration,A,medium
P03,redis-caching,redis-advanced,rate-limiting-redis,Rate Limiting with Redis: INCR+EXPIRE and Sliding Window,A,medium
P03,redis-caching,redis-advanced,redis-cluster-vs-sentinel,Redis Cluster vs Redis Sentinel: High Availability and Horizontal Scaling,B,medium
P03,redis-caching,redis-advanced,redis-lua-pipelining-transactions,"Redis Atomicity Toolkit: Lua Scripts, Pipelining, and MULTI/EXEC",A,medium
P03,redis-caching,redis-data-structures,redis-data-structures-overview,"Redis Data Structures: String, Hash, List, Set, ZSet, and Stream",A,medium
P03,redis-caching,redis-persistence,redis-persistence-rdb-vs-aof,Redis Persistence: RDB vs AOF,B,medium
P03,redis-caching,scenario-based,redis-pubsub-vs-kafka,Redis Pub/Sub vs Apache Kafka,B,medium
P03,redis-caching,scenario-based,redis-vs-memcached,Redis vs Memcached: Choosing the Right Cache,B,medium
P03,redis-caching,spring-data-redis,spring-cache-abstraction-redis,"Spring Cache Abstraction with Redis (@Cacheable, @CacheEvict)",A,medium
P03,redis-caching,spring-data-redis,spring-session-redis,Spring Session + Redis for Distributed Session Storage,A,medium
P03,sql-databases,advanced-sql-features,sql-cte-recursive-queries,"SQL CTEs and Recursive Queries — WITH Clause, Recursion, and Performance",A,medium
P03,sql-databases,advanced-sql-features,sql-window-functions-row-number-rank,"SQL Window Functions — ROW_NUMBER, RANK, DENSE_RANK, LAG, LEAD",A,medium
P03,sql-databases,backup-recovery,postgres-backup-recovery-pitr-strategy,Postgres Backup & Recovery Strategy,A,medium
P03,sql-databases,comparisons,postgres-vs-mysql-vs-aurora-vs-cockroach,Postgres vs MySQL vs Aurora vs CockroachDB,B,high
P03,sql-databases,connection-pooling,database-connection-pooling,Database Connection Pooling Explained,A,medium
P03,sql-databases,connection-pooling,spring-boot-mysql-connection-pool-tuning,Spring Boot + MySQL Connection Pool Tuning,A,medium
P03,sql-databases,database-migrations,flyway-vs-liquibase-zero-downtime-schema-changes,"Zero-Downtime DB Migrations: Flyway, Liquibase, Expand–Contract",A,medium
P03,sql-databases,indexes-and-performance,database-indexes-btree-hash,"Database Indexes — B-Tree, Hash, Composite, and Covering Indexes",A,medium
P03,sql-databases,indexes-and-performance,database-indexes-types,Database Indexes: How They Work and What Types Exist,A,medium
P03,sql-databases,indexes-and-performance,mysql-index-types-btree-fulltext-composite,"MySQL Index Types: B-tree, Full-text, and Composite",A,medium
P03,sql-databases,joins-and-subqueries,sql-joins-inner-outer-cross-self,"SQL Joins — INNER, LEFT, RIGHT, FULL OUTER, CROSS, and SELF Joins",A,medium
P03,sql-databases,joins-and-subqueries,sql-subqueries-vs-joins,SQL Subqueries vs Joins — Performance and When to Use Each,E,high
P03,sql-databases,partitioning-and-sharding,database-sharding,Database Sharding: What It Is and When to Use It,A,medium
P03,sql-databases,partitioning-and-sharding,mysql-partitioning,Partitioning in MySQL,A,medium
P03,sql-databases,query-optimization,mysql-explain-query-optimization,Using EXPLAIN to Optimize MySQL Queries,A,medium
P03,sql-databases,query-optimization,mysql-query-cache-query-optimization,MySQL Query Cache and Query Optimization,A,medium
P03,sql-databases,query-optimization,sql-explain-plan-query-optimization,SQL EXPLAIN Plan — Reading and Optimizing Query Execution Plans,A,medium
P03,sql-databases,replication,mysql-replication-primary-replica,MySQL Replication: Primary-Replica Setup,A,medium
P03,sql-databases,replication,postgresql-streaming-replication-and-logical-replication,PostgreSQL Streaming vs Logical Replication,B,medium
P03,sql-databases,scenario-based,eventual-consistency-design,Eventual Consistency: What It Is and How to Design for It,D,high
P03,sql-databases,scenario-based,high-read-throughput-design,Designing Databases for High Read Throughput,D,high
P03,sql-databases,scenario-based,innodb-vs-myisam-storage-engines,InnoDB vs MyISAM Storage Engines,B,medium
P03,sql-databases,scenario-based,oltp-vs-olap,OLTP vs OLAP: Understanding the Two Database Workload Types,B,medium
P03,sql-databases,scenario-based,soft-deletes-database-design,Soft Deletes in Database Design,D,high
P03,sql-databases,sql-fundamentals,database-normalization-1nf-2nf-3nf,"Database Normalization — 1NF, 2NF, 3NF, and When to Denormalize",A,medium
P03,sql-databases,sql-fundamentals,database-normalization-forms,Database Normalization Forms Explained,A,medium
P03,sql-databases,sql-fundamentals,many-to-many-relationship-modeling,Modeling Many-to-Many Relationships in Databases,A,medium
P03,sql-databases,sql-fundamentals,sql-vs-nosql-databases,SQL vs NoSQL: When to Use Each,E,high
P03,sql-databases,transactions-and-acid,acid-properties-transactions,"ACID Properties — Atomicity, Consistency, Isolation, Durability",A,medium
P03,sql-databases,transactions-and-acid,innodb-locking-row-gap-next-key,"InnoDB Locking: Row Lock, Gap Lock, and Next-Key Lock",A,medium
P03,sql-databases,transactions-and-acid,mysql-transaction-isolation-levels,MySQL Transaction Isolation Levels,A,medium
P03,sql-databases,transactions-and-acid,optimistic-vs-pessimistic-locking,"Optimistic vs Pessimistic Locking — Patterns, Trade-offs, JPA Implementation",B,medium
P03,sql-databases,transactions-and-acid,transaction-isolation-levels-sql,Transaction Isolation Levels — Read Uncommitted to Serializable,A,medium
P04,messaging-events,comparisons,kafka-vs-rabbitmq-vs-sqs-vs-pulsar,Messaging Systems: Kafka vs RabbitMQ vs SQS vs Pulsar,B,high
P04,messaging-events,comparisons,message-broker-vs-message-bus-vs-event-bus-semantics,Message Broker vs Message Bus vs Event Bus,B,high
P04,messaging-events,cqrs,cqrs-pattern-when-to-use-with-event-sourcing,CQRS: When It Helps and When It's Overkill,A,medium
P04,messaging-events,cqrs,cqrs-with-event-sourcing-spring-boot,CQRS with Event Sourcing in Spring Boot,A,medium
P04,messaging-events,event-sourcing,event-sourcing-storing-state-as-events,Event Sourcing: Storing State as an Immutable Event Log,A,medium
P04,messaging-events,kafka-architecture,embedded-kafka-testing-spring-boot,Kafka Integration Testing with @EmbeddedKafka,A,medium
P04,messaging-events,kafka-architecture,event-schema-evolution-backward-compatibility,Event Schema Evolution: Backward and Forward Compatibility,A,medium
P04,messaging-events,kafka-architecture,kafka-broker-partition-leadership-isr,Kafka Partition Leadership and the In-Sync Replica Set,A,medium
P04,messaging-events,kafka-architecture,kafka-controller-election-kraft-vs-zookeeper,Kafka Controller: KRaft Quorum vs ZooKeeper,B,medium
P04,messaging-events,kafka-architecture,kafka-log-compaction-and-retention,Kafka Log Retention vs Log Compaction,B,medium
P04,messaging-events,kafka-architecture,kafka-replication-and-durability,"Kafka Replication and Producer Durability: acks, Idempotence, Transactions",A,medium
P04,messaging-events,kafka-patterns,acknowledgment-mode-manual-vs-auto,Kafka Acknowledgment Modes — Manual vs Auto,B,medium
P04,messaging-events,kafka-patterns,consumer-group-fan-out-event-patterns,Consumer Group Fan-Out: Multiple Services Consuming the Same Events,A,medium
P04,messaging-events,kafka-patterns,kafka-consumer-group-rebalancing,Consumer Group Rebalancing — Causes and Mitigation,A,medium
P04,messaging-events,kafka-patterns,kafka-consumer-lag-monitoring,Kafka Consumer Lag Monitoring and Alerting,A,medium
P04,messaging-events,kafka-patterns,kafka-headers-message-metadata,Kafka Message Headers — Metadata and Context Propagation,A,medium
P04,messaging-events,kafka-patterns,kafka-json-avro-serialization-spring,Kafka Serialization — JSON vs Avro in Spring,B,medium
P04,messaging-events,kafka-patterns,kafka-listener-partitions-groupid-concurrency,"@KafkaListener — Partitions, Consumer Groups, and Concurrency",A,medium
P04,messaging-events,kafka-patterns,kafka-producer-batching-compression,Kafka Producer Throughput — Batching and Compression,A,medium
P04,messaging-events,kafka-patterns,kafka-template-producer-factory-config,KafkaTemplate and ProducerFactory Configuration,A,medium
P04,messaging-events,kafka-patterns,outbox-pattern-reliable-event-publishing,Outbox Pattern: Reliable Event Publishing with Spring Boot,A,medium
P04,messaging-events,kafka-patterns,retryable-topic-non-blocking-retry,@RetryableTopic — Non-Blocking Retry in Spring Kafka,A,medium
P04,messaging-events,kafka-patterns,transactional-kafka-producers-spring,Transactional Kafka with Spring — Consume-Process-Produce Atomically,A,medium
P04,messaging-events,message-guarantees,dead-letter-exchange-retry,Dead Letter Exchanges and Retry Strategies in RabbitMQ,A,medium
P04,messaging-events,message-guarantees,exactly-once-vs-at-least-once-delivery,Delivery Semantics: Exactly-Once vs At-Least-Once vs At-Most-Once,B,medium
P04,messaging-events,message-guarantees,idempotent-consumers-event-deduplication,Idempotent Consumers: Safe Duplicate Event Processing,A,medium
P04,messaging-events,messaging-fundamentals,domain-events-vs-integration-events,Domain Events vs Integration Events: When to Use Each,E,high
P04,messaging-events,messaging-fundamentals,event-driven-vs-request-driven-architecture,Event-Driven vs Request-Driven Architecture Trade-offs,B,medium
P04,messaging-events,scenario-based,competing-consumers-pattern,Competing Consumers Pattern in RabbitMQ,D,high
P04,messaging-events,scenario-based,default-error-handler-seek-to-current,Kafka Listener Error Handling — SeekToCurrentErrorHandler,D,high
P04,messaging-events,scenario-based,eventual-consistency-race-conditions-event-driven,Eventual Consistency: Handling Race Conditions in Event-Driven Systems,D,high
P04,messaging-events,scenario-based,saga-pattern-distributed-transactions-choreography,Saga Pattern: Distributed Transactions via Choreography and Orchestration,D,high
P04,messaging-events,spring-kafka,spring-cloud-stream-event-driven-microservices,Spring Cloud Stream: Binder Abstraction for Event-Driven Services,A,medium
P04,messaging-events,stream-processing,kafka-streams-kstream-ktable-fundamentals,Kafka Streams: KStream vs KTable vs GlobalKTable,B,medium
P04,messaging-events,stream-processing,kafka-streams-vs-flink-vs-spark-streaming,Stream Processing: Kafka Streams vs Flink vs Spark Structured Streaming,B,medium
P04,messaging-events,webhooks,webhook-reliability-retry-exponential-backoff,"Reliable Webhook Delivery: Retries, Idempotency, and DLQ",A,medium
P04,messaging-events,webhooks,webhook-security-hmac-signature-verification,Webhook Security: HMAC-SHA256 Signatures and Replay Protection,A,medium
P04,messaging-events,webhooks,webhooks-design-reliability-security,"Webhooks: Design, Reliability, and Security",A,medium
P04,microservices,api-gateway,api-gateway-spring-cloud-gateway,API Gateway with Spring Cloud Gateway,A,medium
P04,microservices,api-gateway,spring-cloud-gateway-routing-filters,Spring Cloud Gateway: Routing and Filters,A,medium
P04,microservices,circuit-breaker,circuit-breaker-resilience4j,Circuit Breaker Pattern with Resilience4j,A,medium
P04,microservices,circuit-breaker,resilience4j-circuit-breaker-spring-cloud,Spring Cloud Gateway CircuitBreaker Filter — Edge-Layer Resilience4j Integration,A,medium
P04,microservices,communication-patterns,rest-vs-grpc-vs-messaging-interservice,REST vs gRPC vs Messaging — Inter-Service Communication,B,medium
P04,microservices,communication-patterns,spring-cloud-stream-messaging-abstraction,Spring Cloud Stream: Messaging Abstraction,A,medium
P04,microservices,comparisons,microservices-vs-serverless-vs-monolith-decision,Microservices vs Serverless vs Monolith: Decision Framework,B,high
P04,microservices,comparisons,orchestration-vs-choreography-saga-comparison,Saga: Orchestration vs Choreography — Trade-offs and When to Choose Each,B,high
P04,microservices,comparisons,sync-vs-async-rest-grpc-messaging,Sync vs Async: REST vs gRPC vs Messaging,B,high
P04,microservices,config-management,spring-cloud-config-profiles-environment-specific-configuration,Config Profiles and Environment-Specific Configuration,A,medium
P04,microservices,config-management,spring-cloud-config-server-centralized-configuration,Spring Cloud Config Server: Centralized Configuration,A,medium
P04,microservices,contract-testing,consumer-driven-contract-testing-pact-spring-cloud-contract,Consumer-Driven Contract Testing with Pact / Spring Cloud Contract,A,medium
P04,microservices,contract-testing,pact-vs-spring-cloud-contract-comparison,Pact vs Spring Cloud Contract: Consumer-Driven vs Producer-Driven,B,medium
P04,microservices,contract-testing,spring-cloud-contract-producer-consumer-testing,"Spring Cloud Contract: Producer Contracts, Stub Runner, Consumer Verification",A,medium
P04,microservices,distributed-tracing,distributed-tracing-correlation-id,Distributed Tracing with Micrometer Tracing (Spring Boot 3),A,medium
P04,microservices,distributed-tracing,distributed-tracing-micrometer-zipkin,Distributed Tracing with Micrometer Tracing and Zipkin,A,medium
P04,microservices,feign-client,feign-client-vs-resttemplate-vs-webclient,Feign vs RestTemplate vs WebClient,B,medium
P04,microservices,fundamentals,microservices-vs-monolith-when-to-split,Microservices vs Monolith — When to Split,B,medium
P04,microservices,load-balancing,spring-cloud-loadbalancer-client-side,Spring Cloud LoadBalancer: Client-Side Load Balancing,A,medium
P04,microservices,migration-strategies,strangler-fig-pattern-monolith-migration,Strangler Fig Pattern — Monolith to Microservices Migration,A,medium
P04,microservices,resilience-patterns,combining-resilience-patterns-order-of-operations,Combining Resilience Patterns: Decorator Order and Why It Matters,A,medium
P04,microservices,resilience-patterns,idempotency-exactly-once-distributed-systems,Idempotency + Exactly-Once: Design Patterns,A,medium
P04,microservices,resilience-patterns,rate-limiter-resilience4j-spring-boot,"Rate Limiting with Resilience4j: Token Bucket, Leaky Bucket, and Burst Control",A,medium
P04,microservices,resilience-patterns,resilience4j-circuit-breaker-retry-bulkhead-timelimiter,"Resilience4j Patterns: Circuit Breaker, Retry, Bulkhead, Rate Limiter, Time Limiter",A,medium
P04,microservices,saga-pattern,saga-pattern-distributed-transactions,Saga Pattern — Distributed Transactions in Microservices,A,medium
P04,microservices,scenario-based,cascading-failure-one-slow-service-down-platform,Scenario: Cascading Failure from One Slow Downstream,G,medium
P04,microservices,scenario-based,designing-idempotent-payment-microservice,Designing an Idempotent Payment Microservice — Idempotency Key + Atomic Insert + Outbox,D,high
P04,microservices,scenario-based,migrating-monolith-to-microservices-sequencing,"Monolith-to-Microservices Migration: Sequencing, Strangler Fig, Database Decomposition",D,high
P04,microservices,service-design,database-per-microservice-patterns,Database-per-Service Pattern in Microservices,A,medium
P04,microservices,service-discovery,eureka-service-discovery-vs-consul,Eureka vs Consul: Service Discovery Comparison,B,medium
P04,microservices,service-mesh,sidecar-pattern-service-mesh,Sidecar Pattern and Service Mesh (Istio),A,medium
P04,rest-api,api-design,dto-pattern-request-response,DTO Pattern — Why Never Expose Entities Directly in REST APIs,A,medium
P04,rest-api,api-design,rest-error-envelope-design,REST Error Envelope Design,A,medium
P04,rest-api,api-design,rest-resource-naming-conventions,REST Resource Naming Conventions,A,medium
P04,rest-api,comparisons,rest-vs-graphql-vs-grpc-api-design,API Styles: REST vs GraphQL vs gRPC,B,high
P04,rest-api,comparisons,rest-vs-websocket-vs-sse-realtime-patterns,REST vs WebSocket vs SSE — Real-Time Pattern Decision,B,high
P04,rest-api,error-handling,exception-handler-controller-advice,@ExceptionHandler and @ControllerAdvice for Centralised Error Handling,A,medium
P04,rest-api,error-handling,rfc7807-problemdetail-spring-boot,RFC 7807 ProblemDetail in Spring Boot 3,A,medium
P04,rest-api,error-handling,validation-error-response-shape,Validation Error Response Shape,A,medium
P04,rest-api,hateoas,hateoas-spring-boot,HATEOAS — Hypermedia-Driven REST APIs with Spring HATEOAS,A,medium
P04,rest-api,http-caching-and-compression,http-caching-etag-cache-control-spring-boot,"HTTP Caching: Cache-Control, ETags, Last-Modified",A,medium
P04,rest-api,http-caching-and-compression,http-compression-gzip-brotli-spring-boot,"HTTP Compression — gzip, Brotli, zstd in Spring Boot",A,medium
P04,rest-api,openapi-and-swagger,openapi-swagger-springdoc,OpenAPI Documentation with SpringDoc,A,medium
P04,rest-api,request-and-response-handling,file-upload-download-spring-boot,File Upload and Download in Spring Boot — MultipartFile and Streaming,A,medium
P04,rest-api,request-and-response-handling,pagination-cursor-vs-offset,API Pagination — Cursor-Based vs Offset-Based,B,medium
P04,rest-api,request-and-response-handling,validation-valid-constraintvalidator,Validation with @Valid and Custom ConstraintValidator,A,medium
P04,rest-api,rest-client-and-feign,openfeign-integration-spring-cloud,OpenFeign + Spring Cloud — Production Integration,A,medium
P04,rest-api,rest-client-and-feign,resttemplate-webclient-feign-http-interface-comparison,RestTemplate vs WebClient vs Feign vs HTTP Interface,B,medium
P04,rest-api,rest-client-and-feign,webclient-reactive-production-tuning,"WebClient Production Tuning — Pool, Timeouts, Backpressure",A,medium
P04,rest-api,rest-fundamentals,http-methods-get-post-put-delete-patch,"HTTP Methods Deep Dive — GET, POST, PUT, DELETE, PATCH Semantics",A,medium
P04,rest-api,rest-fundamentals,http-status-codes-decision-guide,HTTP Status Codes — Decision Guide for REST APIs,A,medium
P04,rest-api,rest-fundamentals,idempotency-in-rest-apis,Idempotency in REST APIs,A,medium
P04,rest-api,rest-fundamentals,put-vs-patch-http-difference,PUT vs PATCH — When to Use Each in REST APIs,E,high
P04,rest-api,rest-fundamentals,what-makes-api-restful-constraints,REST Architectural Constraints — What Makes an API Truly RESTful,A,medium
P04,rest-api,scenario-based,protocol-buffers-define-generate-java,Protocol Buffers — Defining and Generating Java Code,D,high
P04,rest-api,scenario-based,rest-api-security-cors-csrf,"REST API Security — CORS, CSRF, and JWT",D,high
P04,rest-api,scenario-based,rest-rate-limiting-implementation,Rate Limiting in Spring Boot REST API,D,high
P04,rest-api,scenario-based,scaling-websockets-redis-pubsub,Scaling WebSockets Across Nodes with Redis Pub/Sub,D,high
P04,rest-api,scenario-based,sockjs-fallback-older-browsers,SockJS Fallback for Older Browsers — Concept Explained,D,high
P04,rest-api,scenario-based,spring-boot-websocket-stomp-setup,Spring Boot WebSocket with STOMP — Step-by-Step Setup,D,high
P04,rest-api,scenario-based,spring-message-broker-configuration,Spring WebSocket Message Broker Configuration — Full Broker Setup,D,high
P04,rest-api,scenario-based,testing-websocket-endpoints-spring,Testing WebSocket Endpoints in Spring Boot,D,high
P04,rest-api,scenario-based,websocket-handshake-upgrade-process,WebSocket Handshake and HTTP Upgrade Process — Internals,D,high
P04,rest-api,scenario-based,websocket-heartbeats-connection-management,WebSocket Heartbeats and Connection Management,D,high
P04,rest-api,scenario-based,websocket-security-authentication,WebSocket Security and Authentication in Spring Boot,D,high
P04,rest-api,scenario-based,websocket-vs-http-polling-vs-sse,WebSocket vs HTTP Polling vs SSE — When to Use Each,E,high
P04,rest-api,scenario-based,websocket-vs-sse-detailed-comparison,WebSocket vs SSE — Detailed Technical Comparison,B,medium
P04,rest-api,spring-mvc-controllers,async-controllers-deferred-result-completable-future,Async Controllers with DeferredResult and CompletableFuture,A,medium
P04,rest-api,spring-mvc-controllers,content-negotiation-spring-mvc,"Content Negotiation in Spring MVC — JSON, XML, and Custom Media Types",A,medium
P04,rest-api,spring-mvc-controllers,cors-configuration-spring-mvc,CORS Configuration in Spring MVC,A,medium
P04,rest-api,spring-mvc-controllers,handlerinterceptor-vs-filter,HandlerInterceptor vs Servlet Filter,B,medium
P04,rest-api,spring-mvc-controllers,response-entity-spring-mvc,"ResponseEntity — Controlling HTTP Status, Headers, and Body",A,medium
P04,rest-api,spring-mvc-controllers,restcontroller-vs-controller-responsebody,@RestController vs @Controller + @ResponseBody,B,medium
P04,rest-api,spring-mvc-controllers,spring-mvc-request-lifecycle,Spring MVC Request Lifecycle (DispatcherServlet Flow),C,high
P04,rest-api,versioning,api-versioning-uri-header-media-type,REST API Versioning — URI vs Header vs Media Type,B,medium
P05,architecture-patterns,architectural-styles,backend-for-frontend-bff-pattern,Backend for Frontend (BFF) Pattern,A,medium
P05,architecture-patterns,architectural-styles,layered-architecture-spring-boot,Layered Architecture in Spring Boot — Controller → Service → Repository,A,medium
P05,architecture-patterns,architectural-styles,service-mesh-architecture,Service Mesh Architecture,A,low
P05,architecture-patterns,clean-architecture,clean-architecture-layers-dependency-rule,Clean Architecture Layers and the Dependency Rule,A,medium
P05,architecture-patterns,clean-architecture,clean-architecture-vs-layered-architecture,Clean Architecture vs Layered (N-tier) Architecture,B,medium
P05,architecture-patterns,clean-architecture,cross-cutting-concerns-clean-architecture,Cross-Cutting Concerns in Clean Architecture,A,medium
P05,architecture-patterns,clean-architecture,repository-pattern-clean-architecture,Repository Pattern in Clean Architecture vs Spring Data JPA,B,medium
P05,architecture-patterns,clean-architecture,rich-domain-model-vs-anemic-domain-model,Rich vs Anemic Domain Model,B,medium
P05,architecture-patterns,clean-architecture,spring-boot-clean-architecture-project-structure,Spring Boot Project Structure for Clean Architecture,A,medium
P05,architecture-patterns,clean-architecture,unit-testing-clean-architecture-java,Unit Testing Clean Architecture in Java,A,medium
P05,architecture-patterns,clean-architecture,use-case-interactor-pattern-java,Use Case / Interactor Pattern in Java,A,medium
P05,architecture-patterns,clean-architecture,when-not-to-use-clean-architecture,When NOT to Use Clean Architecture,A,medium
P05,architecture-patterns,comparisons,layered-vs-hexagonal-vs-clean-vs-onion,Layered vs Hexagonal vs Clean vs Onion Architecture,B,high
P05,architecture-patterns,cqrs-and-event-sourcing,event-sourcing-pattern,Event Sourcing Pattern — Storing State as a Sequence of Events,A,medium
P05,architecture-patterns,domain-driven-design,aggregate-aggregate-root-ddd,Aggregate and Aggregate Root in DDD,A,medium
P05,architecture-patterns,domain-driven-design,anti-corruption-layer-ddd,Anti-Corruption Layer (ACL) Pattern in DDD,A,medium
P05,architecture-patterns,domain-driven-design,bounded-context-ddd,Bounded Context — What It Is and Why It Matters,A,medium
P05,architecture-patterns,domain-driven-design,ddd-tactical-patterns-spring-boot,DDD Tactical Patterns in Spring Boot,A,medium
P05,architecture-patterns,domain-driven-design,domain-events-ddd-java,Domain Events in DDD — Java Implementation,A,medium
P05,architecture-patterns,domain-driven-design,domain-services-vs-application-services-ddd,Domain Service vs Application Service in DDD,B,medium
P05,architecture-patterns,domain-driven-design,entity-vs-value-object-ddd,Entity vs Value Object in DDD,B,medium
P05,architecture-patterns,domain-driven-design,repository-pattern-ddd,Repository Pattern in DDD,A,medium
P05,architecture-patterns,domain-driven-design,strategic-ddd-context-mapping-patterns,Strategic DDD and Context Mapping Patterns,A,medium
P05,architecture-patterns,domain-driven-design,ubiquitous-language-ddd,Ubiquitous Language in DDD,A,medium
P05,architecture-patterns,hexagonal-architecture,hexagonal-architecture-ports-adapters,Hexagonal Architecture (Ports and Adapters) — Clean Boundaries,A,medium
P05,architecture-patterns,hexagonal-architecture,ports-and-adapters-hexagonal-architecture,Ports and Adapters vs Layered Architecture,B,medium
P05,architecture-patterns,microservices-patterns,monolith-vs-microservices-vs-modular-monolith,Monolith vs Microservices vs Modular Monolith,B,medium
P05,architecture-patterns,microservices-patterns,shared-database-vs-database-per-service,Shared Database vs Database per Service,B,medium
P05,architecture-patterns,microservices-patterns,strangler-fig-pattern-migration,Strangler Fig Pattern — Incrementally Migrating from Monolith to Microservices,A,medium
P05,architecture-patterns,scenario-based,modular-monolith-to-microservices-migration,Migrating a Modular Monolith to Microservices,D,high
P05,design-patterns,behavioral-patterns,observer-pattern-spring-events-java,Observer Pattern — How Spring Events Use It,A,medium
P05,design-patterns,behavioral-patterns,strategy-pattern-replace-if-else-java,Strategy Pattern — Replacing If-Else Chains,A,medium
P05,design-patterns,behavioral-patterns,template-method-pattern-spring-jdbctemplate,Template Method Pattern — Spring's JdbcTemplate,A,medium
P05,design-patterns,comparisons,gof-design-patterns-vs-modern-alternatives-java,"GoF Patterns vs Modern Java: Strategy vs Lambdas, Singleton vs DI, Factory vs Builder, Observer vs Reactive, Command vs Events",B,high
P05,design-patterns,creational-patterns,builder-pattern-fluent-api-java,Builder Pattern in Java — Fluent API Design,A,medium
P05,design-patterns,creational-patterns,factory-method-vs-abstract-factory-java,Factory Method vs Abstract Factory — When to Use Each,E,high
P05,design-patterns,creational-patterns,singleton-thread-safe-java,Singleton Pattern — Thread-Safe Implementations (DCL vs Enum),B,medium
P05,design-patterns,design-patterns-legacy,circuit-breaker-pattern-resilience4j-java,Circuit Breaker Pattern — Resilience4j Implementation,A,medium
P05,design-patterns,design-patterns-legacy,cqrs-pattern-spring-java,CQRS Pattern — Separate Read/Write Models in Spring,A,medium
P05,design-patterns,design-patterns-legacy,repository-vs-dao-pattern-spring-data,Repository Pattern vs DAO Pattern in Spring Data,B,medium
P05,design-patterns,design-patterns-legacy,specification-pattern-complex-queries-java,Specification Pattern for Complex Query Building,A,medium
P05,design-patterns,refactoring,refactoring-legacy-java-code-safely-incrementally,"Refactoring Legacy Java Code: Safety Nets, Techniques, and Refactor-vs-Rewrite Decisions",B,medium
P05,design-patterns,solid-principles,solid-principles-java,SOLID Principles in Java — Practical Application and Trade-offs,A,medium
P05,design-patterns,structural-patterns,decorator-pattern-java-behavior-without-subclassing,Decorator Pattern — Adding Behavior Without Subclassing,A,medium
P05,design-patterns,structural-patterns,proxy-pattern-spring-aop-java,Proxy Pattern — How Spring AOP Implements It,A,medium
P05,design-patterns,technical-debt,patterns-as-technical-debt-over-engineering,"Design Patterns as Technical Debt: Over-Engineering, Pattern Soup, and How to Unwind Safely",A,medium
P05,graphql,graphql-fundamentals,datafetcher-and-dataloader-graphql-java,How DataFetcher and DataLoader Work,A,medium
P05,graphql,graphql-fundamentals,graphql-authentication-authorization-spring-boot,Authentication and Authorization in GraphQL with Spring Security,A,medium
P05,graphql,graphql-fundamentals,graphql-error-handling-spring-boot,GraphQL Error Handling in Spring Boot,A,medium
P05,graphql,graphql-fundamentals,graphql-n-plus-one-problem-batchloader,N+1 Problem in GraphQL and the BatchLoader Solution,A,medium
P05,graphql,graphql-fundamentals,graphql-pagination-cursor-vs-offset,GraphQL Pagination — Cursor-Based vs Offset-Based,B,medium
P05,graphql,graphql-fundamentals,graphql-query-mutation-subscription-differences,"Query, Mutation, Subscription — Core Operation Types",A,medium
P05,graphql,graphql-fundamentals,graphql-schema-design-best-practices,GraphQL Schema Design Best Practices,A,medium
P05,graphql,graphql-fundamentals,graphql-vs-rest-when-to-choose,GraphQL vs REST — When to Choose Each,B,medium
P05,graphql,graphql-fundamentals,grpc-vs-rest-vs-graphql,gRPC vs REST vs GraphQL,B,medium
P05,graphql,graphql-fundamentals,setting-up-spring-for-graphql,Setting Up Spring for GraphQL (spring-graphql),A,medium
P05,graphql,graphql-fundamentals,testing-graphql-endpoints-spring-boot,Testing GraphQL Endpoints in Spring Boot,A,medium
P05,grpc,grpc-fundamentals,grpc-deadlines-cancellation-java,Deadlines and Cancellation in gRPC,A,medium
P05,grpc,grpc-fundamentals,grpc-error-handling-status-codes,gRPC Error Handling with Status Codes,A,medium
P05,grpc,grpc-fundamentals,grpc-health-checking-protocol,gRPC Health Checking Protocol,A,medium
P05,grpc,grpc-fundamentals,grpc-interceptors-auth-logging,gRPC Interceptors for Auth and Logging,A,medium
P05,grpc,grpc-fundamentals,grpc-server-spring-boot-setup,Setting Up a gRPC Server in Spring Boot,A,medium
P05,grpc,grpc-fundamentals,grpc-service-types-java,"gRPC Service Types — Unary, Server Streaming, Client Streaming, Bidirectional",A,medium
P05,grpc,grpc-fundamentals,grpc-vs-rest-performance,gRPC vs REST Performance Comparison,B,medium
P05,grpc,grpc-fundamentals,testing-grpc-services-java,Testing gRPC Services in Java,A,medium
P05,rabbitmq,rabbitmq-fundamentals,dead-letter-queue-spring-kafka-rabbitmq,Dead Letter Queue: Handling Failed Events in Spring,A,medium
P05,rabbitmq,rabbitmq-fundamentals,rabbitmq-acknowledgment-modes,RabbitMQ Acknowledgment Modes: Auto vs Manual,B,medium
P05,rabbitmq,rabbitmq-fundamentals,rabbitmq-clustering-high-availability,RabbitMQ Clustering and High Availability,A,medium
P05,rabbitmq,rabbitmq-fundamentals,rabbitmq-exchange-types,"RabbitMQ Exchange Types: Direct, Fanout, Topic, and Headers",A,medium
P05,rabbitmq,rabbitmq-fundamentals,rabbitmq-message-durability,RabbitMQ Message Durability and Persistence,A,medium
P05,rabbitmq,rabbitmq-fundamentals,rabbitmq-publisher-confirms,RabbitMQ Publisher Confirms: Reliable Message Publishing,A,medium
P05,rabbitmq,rabbitmq-fundamentals,rabbitmq-vs-kafka,RabbitMQ vs Kafka: Choosing the Right Message Broker,B,medium
P05,rabbitmq,rabbitmq-fundamentals,spring-amqp-setup,Setting Up Spring AMQP: RabbitTemplate and @RabbitListener,A,medium
P05,rabbitmq,rabbitmq-fundamentals,spring-amqp-testing-embedded,Testing Spring AMQP with Embedded RabbitMQ,A,medium
P06,low-level-design,lld-fundamentals,oo-design-with-solid-and-composition,Applying SOLID and Composition in LLD Problems,F,high
P06,low-level-design,parking-lot,design-parking-lot-system,Design a Parking Lot — Low-Level Design,F,high
P06,low-level-design,vending-machine,design-vending-machine,Design a Vending Machine — Low-Level Design,F,high
P06,system-design,caching-at-scale,cdn-edge-caching,CDN and Edge Caching: Reducing Latency for Global Users,F,high
P06,system-design,caching-at-scale,design-distributed-cache,Distributed Caching Strategy — Patterns and Trade-offs,F,high
P06,system-design,caching-at-scale,design-in-memory-kv-store-ttl-java,Design an In-Memory Key-Value Store with TTL,F,high
P06,system-design,caching-at-scale,design-thread-safe-lru-cache-java,Design a Thread-Safe LRU Cache in Java,F,high
P06,system-design,cap-theorem,cap-theorem-trade-offs,"CAP Theorem: Consistency, Availability, and Partition Tolerance Trade-offs",F,high
P06,system-design,capacity-planning,back-of-envelope-estimation,Back-of-Envelope Estimation: Capacity Planning for System Design,F,high
P06,system-design,database-design-at-scale,database-replication-strategies,"Database Replication: Master-Slave, Master-Master, and Quorum Reads",F,high
P06,system-design,design-fundamentals,api-gateway-pattern,API Gateway Pattern: Single Entry Point for Microservices,F,high
P06,system-design,design-fundamentals,consistent-hashing,Consistent Hashing: How Distributed Systems Distribute Data,F,high
P06,system-design,event-driven-design,design-event-sourcing-audit-log,Audit Log Design and Event Sourcing,F,high
P06,system-design,event-driven-design,design-pubsub-event-bus-java,Design a Pub/Sub Event Bus in Java,F,high
P06,system-design,event-driven-design,message-queues-vs-event-streams,Message Queues vs Event Streams: RabbitMQ vs Kafka Trade-offs,F,high
P06,system-design,high-availability,design-retry-exponential-backoff-java,Design a Retry Mechanism with Exponential Backoff,F,high
P06,system-design,load-balancing,load-balancing-strategies,"Load Balancing Strategies: Round Robin, Least Connections, Consistent Hashing",F,high
P06,system-design,scalability,horizontal-vs-vertical-scaling,Horizontal vs Vertical Scaling: When to Scale Out vs Scale Up,F,high
P06,system-design,scenario-based,design-connection-pool-manager-java,Design a Connection Pool Manager in Java,F,high
P06,system-design,scenario-based,design-job-queue-system,Design a Background Job Queue System,F,high
P06,system-design,scenario-based,design-rate-limiter-component-java,Design a Rate Limiter Component in Java (Code-Level),F,high
P06,system-design,scenario-based,design-read-write-separation-cqrs,Read/Write Separation and CQRS Pattern,F,high
P06,system-design,scenario-based,design-task-scheduler-job-queue-java,Design a Task Scheduler / Job Queue in Java,F,high
P06,system-design-cases,chat-system,design-chat-messaging-system,Design a Chat/Messaging System (WhatsApp),F,high
P06,system-design-cases,notification-service,design-notification-service,"Design a Notification Service (Email, SMS, Push)",F,high
P06,system-design-cases,payment-system,design-api-idempotency-payments,Idempotent Payment API Design,F,high
P06,system-design-cases,payment-system,design-ecommerce-order-management,Design an E-Commerce Order Management System,F,high
P06,system-design-cases,rate-limiter,design-rate-limiter,Design a Distributed Rate Limiter,F,high
P06,system-design-cases,scenario-based,design-file-storage-service,Design a File Storage Service (Dropbox / Google Drive),F,high
P06,system-design-cases,scenario-based,design-leaderboard-system,Design a Real-Time Gaming Leaderboard,F,high
P06,system-design-cases,scenario-based,design-ride-sharing-service,Design a Ride-Sharing Service (Uber),F,high
P06,system-design-cases,scenario-based,design-video-streaming-platform,Design a Video Streaming Platform (YouTube / Netflix),F,high
P06,system-design-cases,search-autocomplete,design-search-autocomplete,Design Search Autocomplete for a Product Catalog,F,high
P06,system-design-cases,social-media-feed,design-social-media-feed,Design a Social Media Feed (Twitter/Instagram Timeline),F,high
P07,application-security,comparisons,sast-vs-dast-vs-iast-vs-sca-security-scanning-comparison,"Security Scanning Compared: SAST, DAST, IAST, SCA, Secrets, Container, IaC — and Token Formats",B,high
P07,application-security,compliance,compliance-soc2-pci-hipaa-gdpr-java-engineering,"Compliance for Engineers: SOC 2, PCI-DSS, HIPAA, GDPR for Java Backends",A,medium
P07,application-security,encryption,encryption-at-rest-in-transit-key-management-java,"Encryption at Rest, In Transit, and Key Management for Java Services",A,medium
P07,application-security,owasp-top-10,owasp-top-10-2021-java-spring-mitigations,OWASP Top 10: Each Risk and Java/Spring Mitigations,A,medium
P07,application-security,scenario-based,production-aws-credentials-leaked-public-github-incident-response,Scenario: Leaked AWS Credentials in Public GitHub — Hour-by-Hour Incident Response and Remediation,D,high
P07,application-security,secrets-management,secrets-management-vault-aws-secrets-kubernetes,"Secrets Management: Vault, AWS Secrets Manager, and Kubernetes Patterns",A,medium
P07,application-security,secure-coding,secure-coding-practices-java-spring-boot,"Secure Coding for Java/Spring: Input Validation, Output Encoding, Auth, Crypto, Dependencies",A,medium
P07,application-security,security-architecture,security-architecture-zero-trust-defense-in-depth-java,"Security Architecture for Java Microservices: Zero Trust, Defense in Depth",A,medium
P07,application-security,security-testing,security-testing-sast-dast-sca-iast-pentest-java,"Security Testing for Java: SAST, DAST, SCA, IAST, Pen Testing in CI/CD",A,medium
P07,application-security,vulnerability-scanning,vulnerability-scanning-cve-management-java,Vulnerability Scanning and CVE Management for Java Services,A,medium
P08,unit-testing,chaos-testing,chaos-engineering-java-microservices-game-days,Chaos Engineering for Java Microservices: From Game Days to Continuous Chaos,A,medium
P08,unit-testing,comparisons,test-pyramid-vs-trophy-vs-diamond-testcontainers-vs-mocks-contract-vs-e2e,"Modern Testing Strategies Compared: Pyramid, Trophy, Diamond, Testcontainers vs Mocks, Contract vs E2E",B,high
P08,unit-testing,contract-testing,consumer-driven-contract-testing-pact-spring-cloud,Consumer-Driven Contract Testing with Pact and Spring Cloud Contract,A,medium
P08,unit-testing,integration-testing,integration-testing-spring-boot,"Integration Testing in Spring Boot — @SpringBootTest, @DataJpaTest, @WebMvcTest",A,medium
P08,unit-testing,integration-testing,testing-kafka-embedded-kafka,Testing Kafka with @EmbeddedKafka,A,medium
P08,unit-testing,mocking-with-mockito,mockito-mock-spy-mockbean,Mockito: @Mock vs @Spy vs @MockBean,B,medium
P08,unit-testing,mocking-with-mockito,mockito-mock-spy-verify-argumentcaptor,"Mockito Deep Dive — @Mock, @Spy, verify(), ArgumentCaptor",A,medium
P08,unit-testing,performance-testing,performance-load-stress-soak-spike-testing-java,"Performance Testing for Java Backends: Load, Stress, Soak, Spike",A,medium
P08,unit-testing,spring-boot-testing,mockmvc-controller-testing,MockMvc for Controller Testing,A,medium
P08,unit-testing,spring-boot-testing,mockmvc-testing-controllers,MockMvc — Testing REST Controllers Without Starting a Server,A,medium
P08,unit-testing,spring-boot-testing,spring-test-slices-comparison,Test Slices: @WebMvcTest vs @DataJpaTest vs @SpringBootTest,B,medium
P08,unit-testing,spring-boot-testing,springboottest-and-slice-variants,@SpringBootTest and Its Slice Variants,A,medium
P08,unit-testing,spring-boot-testing,testing-spring-security,Testing Spring Security (with and without Auth),A,medium
P08,unit-testing,tdd-practices,tdd-practices-red-green-refactor-java-spring,"TDD in Practice for Java/Spring: Red-Green-Refactor, BDD, Mocking, Pitfalls",A,medium
P08,unit-testing,test-automation,test-automation-strategy-pyramid-flakiness-java,"Test Automation Strategy for Java Microservices: Pyramid, Flakiness, CI",A,medium
P08,unit-testing,testcontainers,datajpatest-with-testcontainers,Testing with @DataJpaTest and Testcontainers,A,medium
P08,unit-testing,testcontainers,testcontainers-real-database-integration,Testcontainers: Real Databases in Integration Tests,A,medium
P08,unit-testing,testcontainers,testcontainers-spring-boot,Testcontainers — Running Real Databases in Tests,A,medium
P08,unit-testing,testing-strategies,modern-test-pyramid-diamond-strategies-java,Modern Test Strategy: Pyramid vs Diamond vs Trophy for Java Services,B,medium
P08,unit-testing,unit-testing-advanced,code-coverage-jacoco-spring-boot,Code Coverage with JaCoCo — What to Measure and What to Ignore,A,medium
P08,unit-testing,unit-testing-advanced,testing-async-completablefuture,Testing Async / CompletableFuture Code,A,medium
P08,unit-testing,unit-testing-basics,junit5-assertions-assertj,JUnit 5 Assertions and AssertJ — Fluent Test Assertions,A,medium
P08,unit-testing,unit-testing-basics,parameterized-test-method-source,@ParameterizedTest and @MethodSource in JUnit 5,A,medium
P08,unit-testing,unit-testing-basics,parameterized-tests-junit5,"Parameterized Tests in JUnit 5 — @ValueSource, @CsvSource, @MethodSource",A,medium
P08,unit-testing,unit-testing-basics,tdd-red-green-refactor,Test-Driven Development: Red-Green-Refactor Cycle,A,medium
P08,unit-testing,unit-testing-basics,test-driven-development-tdd-java,Test-Driven Development (TDD) — Red-Green-Refactor in Java,A,medium
P08,unit-testing,unit-testing-basics,testing-exceptions-junit5,Testing Exceptions in JUnit 5 — assertThrows and Exception Messages,A,medium
P08,unit-testing,unit-testing-basics,unit-testing-best-practices-java,"Unit Testing Best Practices — Naming, Arrange-Act-Assert, Test Isolation",A,medium
P08,unit-testing,unit-testing-basics,unit-vs-integration-vs-e2e-testing,Unit vs Integration vs End-to-End Testing,B,medium
P09,cicd,cicd-fundamentals,matrix-strategy-multi-version-java-testing,Matrix Strategy for Multi-Version Java Testing in GitHub Actions,A,medium
P09,cicd,cicd-fundamentals,trigger-workflows-pull-requests-protect-branches,Triggering Workflows on Pull Requests and Protecting Branches,A,medium
P09,cicd,comparisons,github-actions-vs-jenkins-vs-gitlab-ci,"GitHub Actions vs Jenkins vs GitLab CI: Hosting, Cost, Lock-in",B,high
P09,cicd,comparisons,trunk-based-vs-gitflow-vs-github-flow,"Branching Models Compared: Trunk-Based, GitFlow, GitHub Flow",B,high
P09,cicd,deployment-strategies,blue-green-canary-rolling-comparison,Rolling vs Blue-Green vs Canary Deployments: Which to Use When,E,high
P09,cicd,deployment-strategies,feature-flags-trunk-based-development,Feature Flags + Trunk-Based Development: Continuous Deployment Pattern,A,medium
P09,cicd,deployment-strategies,shift-left-testing-pipeline,Shift-Left Testing in CI/CD: Catching Bugs Earlier,A,medium
P09,cicd,github-actions,cache-maven-gradle-dependencies-github-actions,Caching Maven and Gradle Dependencies in GitHub Actions,A,medium
P09,cicd,github-actions,deploy-spring-boot-github-actions,Deploying a Spring Boot Application with GitHub Actions,A,medium
P09,cicd,github-actions,environment-specific-deployments-github-actions,Environment-Specific Deployments with GitHub Actions,A,medium
P09,cicd,github-actions,github-actions-reusable-workflows,GitHub Actions Reusable Workflows Explained,A,medium
P09,cicd,github-actions,java-cicd-pipeline-github-actions,Building a Java CI/CD Pipeline with GitHub Actions,A,medium
P09,cicd,github-actions,manage-secrets-github-actions,Managing Secrets in GitHub Actions,A,medium
P09,cicd,github-actions,sonarqube-code-quality-github-actions,Setting Up SonarQube Code Quality Checks in GitHub Actions,A,medium
P09,cicd,rollback-strategies,automated-rollback-on-slo-regression,Automated Rollback on SLO Regression: Argo Rollouts + Prometheus,A,medium
P09,cicd,rollback-strategies,kubernetes-rollback-strategies,"Kubernetes Rollback: kubectl undo, Helm rollback, GitOps revert",A,medium
P09,cicd,scenario-based,cicd-pipeline-suddenly-slow-debug,"Pipeline Suddenly Slow: Profile, Cache, Parallelize",D,high
P09,cicd,scenario-based,cicd-secrets-leaked-in-build-logs,"Leaked Secret in CI Logs: Rotate, Audit, Prevent",D,high
P09,docker,comparisons,docker-build-vs-buildah-vs-kaniko,Docker Build vs Buildah vs Kaniko: Image Builders Compared,B,high
P09,docker,comparisons,docker-vs-podman-vs-containerd,Docker vs Podman vs containerd: Container Runtimes Compared,B,high
P09,docker,comparisons,docker-vs-vm-virtualization-comparison,"Containers vs VMs: Architecture, Performance, and When to Use Each",E,high
P09,docker,docker-compose,docker-compose-spring-boot-postgres-redis,Docker Compose for Local Spring Boot + PostgreSQL + Redis Dev,A,medium
P09,docker,docker-fundamentals,debugging-spring-boot-in-docker,"Debugging Spring Boot in Docker: Logs, Exec, and Remote Debug",D,medium
P09,docker,docker-fundamentals,docker-container-resource-limits-jvm,Container Resource Limits for JVM Apps: CPU and Memory Configuration,A,medium
P09,docker,docker-fundamentals,docker-health-checks-spring-boot,Docker Health Checks for Spring Boot with Actuator,A,medium
P09,docker,docker-fundamentals,docker-volumes-named-vs-bind-mounts,Docker Volumes: Named Volumes vs Bind Mounts,B,medium
P09,docker,docker-fundamentals,jvm-memory-docker-container-limits,JVM Memory in Docker: -Xmx vs Container Limits and OOMKilled,B,medium
P09,docker,docker-networking,docker-networking-bridge-host-overlay,Docker Networking: Bridge vs Host vs Overlay,B,medium
P09,docker,docker-security,docker-environment-variables-vs-secrets,Docker Secrets vs Environment Variables for Sensitive Config,B,medium
P09,docker,docker-security,docker-image-scanning-security-best-practices,Docker Image Security: Scanning and Best Practices for Java,A,medium
P09,docker,docker-security,docker-non-root-user-java-security,Running Non-Root User in Docker: Security Best Practice for Java,A,medium
P09,docker,multi-stage-builds,docker-layer-caching-optimization,Docker Layer Caching: How It Works and Optimization Tips,A,medium
P09,docker,multi-stage-builds,multistage-dockerfile-spring-boot,"Multi-Stage Dockerfile for Spring Boot: Smaller, Faster Images",A,medium
P09,docker,scenario-based,docker-container-cant-reach-host-service,Container-to-Host Networking: Debugging localhost from Inside a Container,D,high
P09,docker,scenario-based,docker-image-pull-rate-limit-fix,"Docker Hub Rate Limits in CI: Mirror, Cache, and Auth Strategy",D,high
P09,docker,scenario-based,spring-boot-container-oomkilled-debug,Diagnosing OOMKilled in Spring Boot Container: Step-by-Step,D,high
P09,git-build-tools,code-quality-gates,git-hooks-code-quality,Git hooks for enforcing code quality,A,medium
P09,git-build-tools,comparisons,git-merge-vs-rebase-vs-squash,Git Merge vs Rebase vs Squash: Integration Strategy Compared,B,high
P09,git-build-tools,git-internals,git-bisect-find-bug-commit,Git bisect for finding the commit that introduced a bug,C,high
P09,git-build-tools,git-internals,git-interactive-rebase-squashing-commits,Git interactive rebase — squashing and editing commits,C,high
P09,git-build-tools,git-internals,monorepo-vs-polyrepo,Monorepo vs polyrepo strategies,B,medium
P09,git-build-tools,git-workflows,cherry-pick-vs-merge-vs-rebase-backporting,Cherry-pick vs merge vs rebase for backporting fixes,B,medium
P09,git-build-tools,git-workflows,git-flow-vs-trunk-based-development,Git flow vs trunk-based development,B,medium
P09,git-build-tools,git-workflows,git-merge-vs-rebase,Git merge vs rebase — when to use each,E,high
P09,git-build-tools,git-workflows,resolving-merge-conflicts,How to resolve merge conflicts effectively,A,medium
P09,git-build-tools,scenario-based,accidentally-committed-secret-to-git,"Secret Committed to Git: Rotate, Purge, Prevent",D,high
P09,java-build-tools,comparisons,maven-vs-gradle-vs-bazel,Maven vs Gradle vs Bazel: When to Pick Each Build Tool,B,high
P09,java-build-tools,gradle-build,gradle-build-script-spring-boot,Writing a Gradle Build Script for a Spring Boot Project,A,medium
P09,java-build-tools,gradle-build,gradle-dependency-management,Gradle Dependency Management Explained,A,medium
P09,java-build-tools,gradle-build,gradle-incremental-build,Gradle Incremental Build: How It Works,A,medium
P09,java-build-tools,gradle-build,gradle-multi-module-project,Configuring Gradle for Multi-Module Projects,A,medium
P09,java-build-tools,gradle-build,gradle-wrapper-why-use-it,The Gradle Wrapper: What It Is and Why to Use It,A,medium
P09,java-build-tools,maven-build,maven-dependency-scopes,"Maven Dependency Scopes: compile, test, provided, runtime",A,medium
P09,java-build-tools,maven-build,maven-lifecycle-phases,Maven Lifecycle Phases Explained,C,high
P09,java-build-tools,maven-build,maven-multi-module-project,Creating a Multi-Module Maven Project,A,medium
P09,java-build-tools,maven-build,maven-pom-inheritance-aggregation,Maven POM Inheritance and Aggregation,A,medium
P09,java-build-tools,maven-build,maven-profiles-environment-builds,Maven Profiles for Environment-Specific Builds,A,medium
P09,java-build-tools,maven-build,maven-transitive-dependencies-conflict-resolution,Maven Transitive Dependencies and Conflict Resolution,G,medium
P09,java-build-tools,maven-build,maven-vs-gradle-comparison,Maven vs Gradle: Key Differences,B,medium
P09,java-build-tools,maven-build,publish-artifact-nexus-maven,Publishing an Artifact to Nexus with Maven,A,medium
P09,java-build-tools,maven-build,publish-java-library-maven-central-gradle,Publishing a Java Library to Maven Central with Gradle,A,medium
P09,java-build-tools,scenario-based,maven-build-fails-only-on-ci,"Maven Works Locally, Fails on CI: Reproducibility Debug",D,high
P09,jenkins,jenkins-pipelines,declarative-jenkins-pipeline-spring-boot,Declarative Jenkins Pipeline for Spring Boot,A,medium
P09,jenkins,jenkins-pipelines,github-actions-vs-jenkins,GitHub Actions vs Jenkins: Key Differences,B,medium
P09,jenkins,jenkins-pipelines,jenkins-credentials-secrets-management,Jenkins Credentials and Secrets Management,A,medium
P09,jenkins,jenkins-pipelines,jenkins-deploy-kubernetes,Deploying to Kubernetes from Jenkins,A,medium
P09,jenkins,jenkins-pipelines,jenkins-sonarqube-integration,SonarQube Integration with Jenkins,A,medium
P09,jenkins,jenkins-pipelines,jenkinsfile-structure-declarative,Jenkinsfile Structure and Syntax,A,medium
P09,kubernetes,comparisons,deployment-vs-statefulset-vs-daemonset,"K8s Workload Types Compared: Deployment, StatefulSet, DaemonSet, Job",B,high
P09,kubernetes,comparisons,kubernetes-vs-docker-swarm-vs-nomad,Kubernetes vs Docker Swarm vs Nomad: Container Orchestration Compared,B,high
P09,kubernetes,helm,gitops-argocd-flux-deployment-model,GitOps with ArgoCD and Flux: Declarative Deployment and Drift Detection,A,medium
P09,kubernetes,helm,helm-chart-structure-values-templating,"Helm Charts: Structure, Values Overrides, and Go Templating",A,medium
P09,kubernetes,helm,helm-release-lifecycle-upgrade-rollback,"Helm Release Lifecycle: Install, Upgrade, Rollback, History",C,high
P09,kubernetes,helm,helm-vs-kustomize-when-to-use,Helm vs Kustomize: When to Use Each (and When to Combine),E,high
P09,kubernetes,kubernetes-configuration,kubernetes-configmaps-secrets-spring-boot,ConfigMaps and Secrets: Spring Boot Config Management in Kubernetes,A,medium
P09,kubernetes,kubernetes-configuration,kubernetes-namespaces-rbac-multi-team,Kubernetes Namespaces and RBAC for Multi-Team Environments,A,medium
P09,kubernetes,kubernetes-fundamentals,deploying-spring-boot-kubernetes-step-by-step,Deploying Spring Boot to Kubernetes: Step-by-Step,A,medium
P09,kubernetes,kubernetes-fundamentals,spring-boot-oomkilled-kubernetes-debugging,Debugging OOMKilled Spring Boot in Kubernetes,A,medium
P09,kubernetes,kubernetes-networking,kubernetes-pod-networking-cross-node,Kubernetes Pod Networking: How Pods Communicate Across Nodes,A,medium
P09,kubernetes,kubernetes-networking,kubernetes-service-mesh-istio-linkerd-when-needed,Service Mesh: When and Why You Need Istio or Linkerd,A,medium
P09,kubernetes,kubernetes-networking,kubernetes-service-types-clusterip-nodeport-loadbalancer-ingress,Kubernetes Service Types: ClusterIP vs NodePort vs LoadBalancer vs Ingress,B,medium
P09,kubernetes,kubernetes-scaling,cluster-autoscaler-vs-karpenter-node-scaling,Cluster Autoscaler vs Karpenter: Node-Level Scaling in Kubernetes,B,medium
P09,kubernetes,kubernetes-scaling,horizontal-pod-autoscaler-spring-boot,Horizontal Pod Autoscaler (HPA) for Spring Boot Services,A,medium
P09,kubernetes,kubernetes-scaling,keda-event-driven-autoscaling-kafka-sqs,KEDA: Event-Driven Autoscaling for Kafka Consumers and Queue Workers,A,medium
P09,kubernetes,kubernetes-scaling,vertical-pod-autoscaler-vpa-sizing,Vertical Pod Autoscaler (VPA): Right-Sizing Pod Resource Requests,A,medium
P09,kubernetes,kubernetes-workloads,kubernetes-core-objects-pod-deployment-service,"Kubernetes Core Objects: Pod, Deployment, Service, ConfigMap",A,medium
P09,kubernetes,kubernetes-workloads,kubernetes-persistent-volumes-statefulsets,StatefulSets and PersistentVolumes for Stateful Java Services,A,medium
P09,kubernetes,kubernetes-workloads,kubernetes-resource-requests-limits-jvm,Kubernetes Resource Requests and Limits for JVM Apps,A,medium
P09,kubernetes,kubernetes-workloads,kubernetes-rolling-updates-rollbacks,Kubernetes Rolling Updates and Rollbacks,A,medium
P09,kubernetes,kubernetes-workloads,liveness-readiness-startup-probes-spring-boot,Kubernetes Probes: Liveness vs Readiness vs Startup for Spring Boot,B,medium
P09,kubernetes,scenario-based,crashloopbackoff-spring-boot-debugging,Debugging `CrashLoopBackOff`: Why Pods Crash and How to Fix Them,D,high
P09,kubernetes,scenario-based,dns-resolution-failing-kubernetes-coredns-debug,Debugging CoreDNS: When Kubernetes Service DNS Fails,D,high
P09,kubernetes,scenario-based,pod-stuck-in-pending-debugging,Debugging `Pending` Pods: Scheduling Failures in Kubernetes,D,high
P09,terraform,terraform-core,how-to-test-terraform-configurations,Testing Terraform Configurations,A,low
P09,terraform,terraform-core,provision-spring-boot-infrastructure-with-terraform,Provisioning Java Spring Boot App Infrastructure with Terraform,A,medium
P09,terraform,terraform-core,terraform-core-concepts-providers-resources-state-modules,"Terraform Core Concepts: Providers, Resources, State, and Modules",A,medium
P09,terraform,terraform-core,terraform-data-sources-when-to-use,Terraform Data Sources: What They Are and When to Use Them,A,medium
P09,terraform,terraform-core,terraform-import-vs-terraform-taint,terraform import vs terraform taint: Key Differences,B,medium
P09,terraform,terraform-core,terraform-plan-and-apply-safely,Using terraform plan and apply Safely,A,medium
P09,terraform,terraform-core,terraform-state-locking,Handling Terraform State Locking,A,medium
P09,terraform,terraform-core,terraform-state-management-remote-state,Terraform State Management and Why Remote State Matters,A,medium
P09,terraform,terraform-core,terraform-variables-and-workspaces,Managing Terraform Variables and Workspaces,A,medium
P09,terraform,terraform-core,what-is-terraform-module-how-to-create-one,Terraform Modules: What They Are and How to Create One,A,medium
P10,aws-cloud,aws-core-services,auto-scaling-groups-how-they-work,Auto Scaling Groups — How They Work,A,medium
P10,aws-cloud,aws-core-services,aws-codepipeline-codebuild-deployment,Deploying with AWS CodePipeline and CodeBuild,A,medium
P10,aws-cloud,aws-core-services,cloudwatch-metrics-alarms-spring-boot,CloudWatch Metrics and Alarms for Spring Boot,A,medium
P10,aws-cloud,aws-core-services,core-aws-services-overview,Core AWS Services Overview for Java Developers,A,medium
P10,aws-cloud,aws-core-services,vpc-fundamentals-java-developers,"VPC Fundamentals for Java Developers (Subnets, Security Groups)",A,medium
P10,aws-cloud,aws-messaging,sqs-dlq-retry-patterns,"SQS Dead-Letter Queues: Poison Messages, Retries, Redrive",A,medium
P10,aws-cloud,aws-messaging,sqs-sns-eventbridge-comparison,SQS vs SNS vs EventBridge — Messaging Service Comparison,B,medium
P10,aws-cloud,comparisons,ec2-vs-ecs-vs-eks-vs-fargate-vs-lambda,"AWS Compute Compared: EC2, ECS, EKS, Fargate, Lambda, App Runner",B,high
P10,aws-cloud,comparisons,rds-vs-aurora-vs-dynamodb,AWS Database Comparison: RDS vs Aurora vs DynamoDB,B,high
P10,aws-cloud,comparisons,sqs-vs-sns-vs-eventbridge-vs-kinesis,"AWS Messaging Compared: SQS, SNS, EventBridge, Kinesis, MSK",B,high
P10,aws-cloud,ecs-and-fargate,deploy-spring-boot-ecs-fargate,Deploying Spring Boot to AWS ECS Fargate,A,medium
P10,aws-cloud,ecs-and-fargate,ecs-task-definition-deep-dive,"ECS Task Definition: Production Fields, Best Practices",A,medium
P10,aws-cloud,iam-and-security,iam-role-vs-user-best-practices,IAM Users vs Roles vs Instance Profiles: Best Practices,B,medium
P10,aws-cloud,iam-and-security,iam-roles-least-privilege,IAM Roles and Policies — Least Privilege Principle,A,medium
P10,aws-cloud,iam-and-security,secrets-manager-vs-parameter-store,AWS Secrets Manager vs Parameter Store,B,medium
P10,aws-cloud,rds-with-spring,rds-aurora-dynamodb-comparison,RDS vs Aurora vs DynamoDB — When to Choose,B,medium
P10,aws-cloud,rds-with-spring,rds-connection-pooling-hikaricp-rds-proxy,Spring Boot + RDS Connection Pooling: HikariCP + RDS Proxy,A,medium
P10,aws-cloud,s3-storage,s3-integration-spring-boot,S3 Integration with Spring Boot,A,medium
P10,aws-cloud,s3-storage,s3-storage-classes-lifecycle-cost-optimization,S3 Storage Classes and Lifecycle: Cost Optimization,C,high
P10,aws-cloud,scenario-based,aws-bill-doubled-overnight-debug,"AWS Bill Doubled: Cost Explorer, Untagged Resources, Egress",D,high
P10,aws-cloud,scenario-based,ec2-instance-cant-reach-rds-debug,EC2 Cannot Connect to RDS: VPC Networking Debug Walkthrough,D,high
P10,aws-cloud,serverless,lambda-java-cold-start-mitigation,"Lambda Java Cold Starts: SnapStart, Provisioned Concurrency, GraalVM",A,medium
P10,aws-cloud,serverless,lambda-spring-cloud-function,AWS Lambda with Spring Cloud Function,A,medium
P10,azure,azure-api-and-observability,azure-api-management-spring-boot-microservices,Azure API Management for Spring Boot Microservices,A,medium
P10,azure,azure-api-and-observability,azure-application-insights-spring-boot,Azure Application Insights for Spring Boot Observability,A,medium
P10,azure,azure-compute-and-deployment,azure-container-registry-aks-pipeline,Azure Container Registry + AKS Deployment Pipeline,A,medium
P10,azure,azure-compute-and-deployment,azure-functions-java-serverless,Azure Functions with Java — Serverless Spring,A,medium
P10,azure,azure-compute-and-deployment,azure-spring-apps-deployment,Deploying Spring Boot to Azure Spring Apps,A,medium
P10,azure,azure-core-services,azure-core-services-java-backend,Azure Core Services for Java Backend Developers,A,medium
P10,azure,azure-messaging,azure-service-bus-vs-event-hub-java,Azure Service Bus vs Event Hubs — Messaging Choice for Java,B,medium
P10,azure,azure-security-and-iam,azure-active-directory-spring-security,Azure Active Directory Authentication with Spring Security,A,medium
P10,azure,azure-security-and-iam,azure-key-vault-spring-boot,Azure Key Vault Integration with Spring Boot,A,medium
P10,azure,azure-security-and-iam,azure-managed-identity-passwordless,Managed Identity for Passwordless Azure Resource Access,A,medium
P10,azure,azure-storage-and-data,azure-blob-storage-spring-boot,Azure Blob Storage with Spring Boot (azure-storage-blob),A,medium
P10,azure,azure-storage-and-data,azure-sql-vs-cosmos-db-java,Azure SQL Database vs Cosmos DB for Java Apps,B,medium
P10,cloud-native,12-factor-app,12-factor-app-methodology-modern-cloud-native,12-Factor App: Principles and Modern Cloud-Native Application,A,medium
P10,cloud-native,cloud-design-patterns,essential-cloud-design-patterns-java,Essential Cloud Design Patterns for Production Java Services,A,medium
P10,cloud-native,comparisons,containers-vs-vms-vs-serverless-and-orchestrator-choice,Containers vs VMs vs Serverless; Kubernetes vs ECS vs Cloud Run vs Lambda for Java,B,high
P10,cloud-native,cost-optimization,cloud-cost-optimization-finops-java-backend-40-percent,"Cloud Cost Optimization: FinOps, Rightsizing, Spot, Autoscaling, Data Transfer, and Observability Costs",A,medium
P10,cloud-native,deployment-strategies,deployment-strategies-rolling-blue-green-canary-progressive,"Deployment Strategies: Rolling, Blue/Green, Canary, Shadow, Feature Flags",A,medium
P10,cloud-native,disaster-recovery,disaster-recovery-rpo-rto-strategies-java-services,"Disaster Recovery: RPO, RTO, Strategies, and Game Day",A,medium
P10,cloud-native,multi-region-architecture,multi-region-architecture-active-active-active-passive-tradeoffs,"Multi-Region Architecture: Active-Passive vs Active-Active, Data Strategies, Trade-offs",B,medium
P10,cloud-native,scenario-based,cloud-bill-reduction-500k-month-40-percent-slo-safe,Scenario: Cutting a $500K/month AWS Bill 40% in 90 Days Without Breaking SLOs,D,high
P10,gcp,gcp-compute-and-deployment,deploy-spring-boot-app-cloud-run,Deploying a Spring Boot Application to Google Cloud Run,A,medium
P10,gcp,gcp-compute-and-deployment,gke-vs-cloud-run-java-apps,GKE vs Cloud Run: Choosing the Right Platform for Java Applications,B,medium
P10,gcp,gcp-core-services,bigquery-java-query,Google BigQuery Explained and Java Query Examples,A,medium
P10,gcp,gcp-core-services,cloud-spanner-vs-cloud-sql,Cloud Spanner vs Cloud SQL: When to Use Each,E,high
P10,gcp,gcp-core-services,core-gcp-services-java-backend-developer,Core GCP Services for Java Backend Developers,A,medium
P10,gcp,gcp-messaging,google-cloud-pubsub-with-spring,Integrating Google Cloud Pub/Sub with Spring Boot,A,medium
P10,gcp,gcp-observability,monitor-java-applications-gcp-cloud-monitoring,Monitoring Java Applications on GCP with Cloud Monitoring,A,medium
P10,gcp,gcp-security-and-iam,gcp-iam-authentication-spring-boot,Implementing GCP IAM Authentication in Spring Boot,A,medium
P10,gcp,gcp-security-and-iam,gcp-secret-manager-spring-boot,Integrating GCP Secret Manager with Spring Boot,A,medium
P10,gcp,gcp-storage-and-data,gcp-cloud-storage-java-application,Using Google Cloud Storage in Java Applications,A,medium
P11,observability,alerting,alerting-strategy-slos-slas-error-budgets-java-services,"Alerting Strategy: SLOs, SLAs, and Error Budgets for Java Services",A,medium
P11,observability,apm-tools,four-golden-signals-red-use-methodologies,"Four Golden Signals, RED, USE: Monitoring Methodologies",A,medium
P11,observability,apm-tools,opentelemetry-fundamentals-spring-boot,OpenTelemetry Fundamentals + Spring Boot Integration,A,medium
P11,observability,comparisons,datadog-vs-new-relic-vs-dynatrace-vs-grafana,"APM Comparison: Datadog, New Relic, Dynatrace, Grafana Cloud",B,high
P11,observability,comparisons,prometheus-vs-cloudwatch-vs-datadog-metrics,Metrics Backends: Prometheus vs CloudWatch vs Datadog,B,high
P11,observability,distributed-log-aggregation,kubernetes-log-aggregation,Log Aggregation in Kubernetes for Java Apps,A,medium
P11,observability,distributed-log-aggregation,log-aggregation-elk-stack-elasticsearch-logstash-kibana,Log Aggregation with the ELK Stack for Java Services,A,medium
P11,observability,distributed-tracing,distributed-tracing-spring-cloud-sleuth-zipkin-jaeger,Distributed Tracing with Spring Cloud Sleuth and Zipkin/Jaeger,A,medium
P11,observability,distributed-tracing,opentelemetry-vs-micrometer-vs-sleuth-comparison,OpenTelemetry vs Micrometer vs Spring Sleuth — Choosing the Right Library,B,medium
P11,observability,distributed-tracing,production-debugging-distributed-traces-latency-bottlenecks,Production Debugging with Distributed Traces — Finding Latency Bottlenecks,A,medium
P11,observability,health-checks-and-probes,health-checks-vs-readiness-checks-actuator-health,Health Checks vs Readiness Checks — What to Expose on /actuator/health,B,medium
P11,observability,metrics-and-micrometer,micrometer-counters-timers-gauges-spring-boot,"Micrometer Metrics: Counters, Timers, and Gauges in Spring Boot",A,medium
P11,observability,metrics-and-micrometer,three-pillars-observability-metrics-logs-traces,"Three Pillars of Observability: Metrics, Logs, and Traces",A,medium
P11,observability,prometheus-and-grafana,grafana-dashboards-spring-boot-service-health,Grafana Dashboards for Spring Boot Service Health,A,medium
P11,observability,prometheus-and-grafana,spring-boot-actuator-prometheus-metrics-setup,Spring Boot Actuator + Prometheus Metrics Setup,A,medium
P11,observability,scenario-based,finding-missing-traces-instrumentation-gap,Debugging Missing Traces and Instrumentation Gaps,D,high
P11,observability,scenario-based,p99-latency-spike-debug-walkthrough,Debugging a P99 Latency Spike with Observability Tools,D,high
P11,observability,structured-logging,log-levels-when-to-use-each,"Log Levels: TRACE, DEBUG, INFO, WARN, ERROR",D,medium
P11,observability,structured-logging,slf4j-logback-structured-logging-spring-boot,Structured Logging with SLF4J and Logback in Spring Boot,A,medium
P11,observability,structured-logging,structured-logging-logback-correlation-ids,Structured Logging with Logback and Correlation IDs,A,medium
P11,production-sre,capacity-planning,capacity-planning-backend-service,Capacity Planning for a Backend Service,D,high
P11,production-sre,chaos-engineering,chaos-engineering-what-is-it-how-to-apply,Chaos Engineering: What It Is and How to Apply It,D,high
P11,production-sre,incident-management,incident-severity-levels-slo-error-budget,"Incident Severity, SLOs, Error Budgets",D,high
P11,production-sre,incident-response,incident-response-process-icm-roles,Incident Response Process: Page to Resolution,D,high
P11,production-sre,memory-leaks,reduce-java-application-memory-footprint,Reducing Java Application Memory Footprint,D,high
P11,production-sre,on-call,on-call-rotation-best-practices,"On-Call Rotation: Design, Fairness, Burnout Prevention",G,high
P11,production-sre,performance-troubleshooting,async-processing-improve-api-response-time-java,Implementing Async Processing to Improve API Response Time,D,high
P11,production-sre,performance-troubleshooting,common-spring-boot-performance-anti-patterns,Common Spring Boot Performance Anti-Patterns,D,high
P11,production-sre,performance-troubleshooting,connection-pooling-improve-database-performance-java,Using Connection Pooling to Improve Database Performance,D,high
P11,production-sre,performance-troubleshooting,diagnose-and-fix-slow-database-query-spring-boot,Diagnosing and Fixing Slow Database Queries in Spring Boot,D,high
P11,production-sre,performance-troubleshooting,how-to-benchmark-java-code-with-jmh,Benchmarking Java Code with JMH,D,high
P11,production-sre,performance-troubleshooting,how-to-profile-java-application-performance-bottlenecks,Profiling a Java Application to Find Performance Bottlenecks,D,high
P11,production-sre,performance-troubleshooting,how-to-size-thread-pools-for-optimal-throughput,Sizing Thread Pools for Optimal Throughput,D,high
P11,production-sre,performance-troubleshooting,latency-vs-throughput-optimization-java,Latency vs Throughput: Definitions and Optimization Strategies,B,medium
P11,production-sre,performance-troubleshooting,optimize-json-serialization-deserialization-java,Optimizing JSON Serialization and Deserialization in Java,D,high
P11,production-sre,postmortems,blameless-postmortem-template-process,"Blameless Postmortem: Template, Process, Culture",D,high
P11,production-sre,root-cause-analysis,root-cause-analysis-techniques-systems-thinking,Root Cause Analysis: Beyond 5 Whys to Systems Thinking,D,high
P11,production-sre,runbooks,production-incident-runbook-and-process,Handling Production Incidents: Runbook and Process,D,high
P11,production-sre,scenario-based,blue-green-vs-canary-deployment-difference,Blue-Green vs Canary Deployment: Key Differences,B,medium
P11,production-sre,scenario-based,database-schema-migrations-production-flyway-liquibase,Managing Database Schema Migrations in Production with Flyway and Liquibase,D,high
P11,production-sre,scenario-based,what-is-cache-stampede-how-to-prevent-it,Cache Stampede: What It Is and How to Prevent It,D,high
P11,production-sre,sre-practices,circuit-breaker-pattern-production-java,Circuit Breaker Pattern in Production Java Services,D,high
P11,production-sre,sre-practices,how-to-implement-feature-flag-system,Implementing a Feature Flag System,D,high
P11,production-sre,sre-practices,key-health-checks-production-java-app,Key Health Checks Every Production Java App Should Have,D,high
P11,production-sre,sre-practices,sre-vs-devops-difference,SRE vs DevOps: What They Are and How They Differ,B,medium
P11,production-sre,sre-practices,zero-downtime-deployments-spring-boot,Implementing Zero-Downtime Deployments for Spring Boot,D,high
P12,behavioral,career-growth,learn-new-technology-quickly,Learning a New Technology Under Deadline,G,high
P12,behavioral,career-growth,stay-current-with-java-technology,Staying Current with Java and Backend Technology,G,high
P12,behavioral,delivering-under-pressure,ensure-code-quality-under-pressure,Ensuring Code Quality Under Time Pressure,G,high
P12,behavioral,delivering-under-pressure,prioritize-multiple-urgent-tasks,Prioritizing Multiple Urgent Tasks,G,high
P12,behavioral,failure-and-learning,project-failure-and-lessons-learned,Project Failure and Lessons Learned,G,high
P12,behavioral,star-method,debug-complex-production-issue,Debugging a Complex Production Issue,G,high
P12,engineering-practices,technical-debt,identifying-prioritizing-paying-down-technical-debt,"Technical Debt: Identification, Prioritization, and Payback Strategies",G,high
P12,engineering-practices,technical-documentation,technical-documentation-engineering-teams-strategy,"Technical Documentation Strategy: Diataxis, Docs-as-Code, Runbooks, Onboarding",G,high
P12,engineering-practices,technical-leadership,advocate-for-technical-debt,Advocating for Technical Debt Reduction,G,high
P12,engineering-practices,technical-leadership,approach-code-reviews,Approach to Code Reviews,G,high
P12,engineering-practices,technical-leadership,end-to-end-project-ownership,Taking End-to-End Project Ownership,G,high
P12,engineering-practices,technical-leadership,improve-system-performance,Significantly Improving System Performance,G,high
P12,engineering-practices,technical-leadership,mentor-junior-developer,Mentoring a Junior Developer,G,high
